gene_id,symbol,baseMean,log2FoldChange,pvalue,padj,lfcSE,stat
ENSG00000101898,MCTS2,4.916795298682293,-5.9292056759384355,0,0,0.14150842723169288,-41.90001819630501
ENSG00000139574,NPFF,55.877781894545826,-9.4115693037115,0,0,0.14802808667792355,-63.57961867188757
ENSG00000142694,EVA1B,110.84510610647861,-10.399822055303678,0,0,0.13813340928943924,-75.28824568075567
ENSG00000167644,C19orf33,34.328629034191735,-8.704175438937293,0,0,0.16071363415206508,-54.1595334139574
ENSG00000183336,BOLA2,16.27174928325263,-7.639975118979002,0,0,0.13203748974089694,-57.86216576800473
ENSG00000199785,SNORA52,5.987842345143077,-6.178750282429434,0,0,0.1581047169635639,-39.08011349119559
ENSG00000200530,SNORD35B,9.841539853350124,-6.898563112962353,0,0,0.1511373580254395,-45.644327802800305
ENSG00000202314,SNORD6,12.131480393406363,6.909769210446315,0,0,0.14279978842473987,48.387811261275004
ENSG00000202363,SNORA62,4.144743521969833,-5.65425949665097,0,0,0.14661363554861914,-38.565713724327765
ENSG00000204196,NA,39.36665076618684,-8.897640191817057,0,0,0.14350280053424497,-62.00325121664617
ENSG00000207165,SNORA70,54.37225077848046,-9.371356721876417,0,0,0.14868112258345775,-63.029902915994484
ENSG00000207304,SNORA8,12.206816773753607,-7.219369803175696,0,0,0.14054923523871637,-51.365415051273175
ENSG00000207405,SNORA64,8.338131753589192,-6.668457121019675,0,0,0.15194530243982726,-43.88722134835652
ENSG00000211596,IGKJ2,485.082632539981,-12.530522613420752,0,0,0.19015550265287073,-65.8961872709792
ENSG00000211675,IGLC1,2213.761451949623,-14.720631843877829,0,0,0.19825386404354212,-74.25142463122314
ENSG00000212493,SNORD19,27.109806328179324,8.065006338897899,0,0,0.13492490591202652,59.77403715335127
ENSG00000212643,ZRSR2P1,10.610590168205807,-7.024337681902155,0,0,0.13738151070521826,-51.130153146840776
ENSG00000213073,NA,342.57051210511344,-12.028769597059235,0,0,0.13522453968361156,-88.95404358708312
ENSG00000213578,CPLX3,11.293990940813407,-7.0899998273058955,0,0,0.15329666581861648,-46.25018939221364
ENSG00000213588,ZBTB9,169.01474736382488,10.70688832180155,0,0,0.1368945299755954,78.21268186325852
ENSG00000213689,TREX1,522.6311802153143,-12.637970548771735,0,0,0.12852622656011597,-98.32989645004895
ENSG00000214110,NA,55.90076978339087,-9.409809322052768,0,0,0.16092019874347277,-58.47500435326455
ENSG00000214736,TOMM6,731.694894525799,-13.122742651128236,0,0,0.1262681338268379,-103.92758848502945
ENSG00000215837,NA,76.47449615006309,-9.86829559054947,0,0,0.1324196629444886,-74.52288709333402
ENSG00000218227,RPL19P9,47.133582413762284,-9.163504863979828,0,0,0.1409736070291952,-65.00156346345095
ENSG00000227986,NA,7.7236809675534746,-6.584300558891854,0,0,0.14138662351778528,-46.569473087838496
ENSG00000228343,NA,22.548642115023913,-8.109382032154707,0,0,0.12540341772483057,-64.66635582412046
ENSG00000228452,NA,4.397258494081657,-5.750339261453831,0,0,0.13548409824845078,-42.44290906309062
ENSG00000228638,NA,33.89424064286844,-8.69928157555478,0,0,0.13047804925711046,-66.67237612061945
ENSG00000228703,NA,46.28723875605981,-9.140622011510327,0,0,0.17980069906929316,-50.83752209432531
ENSG00000229512,NA,48.008137239502254,-9.192176666081131,0,0,0.1795723732833121,-51.18925867053389
ENSG00000229590,NA,10.152540537076952,-6.955039821684357,0,0,0.1509558642006322,-46.073333146174186
ENSG00000229715,NA,4.058361409679969,-5.626956423401632,0,0,0.14501731304964452,-38.801963055785805
ENSG00000230163,NA,21.314460669626914,-8.03499756752453,0,0,0.13288710374867585,-60.46484076228197
ENSG00000230532,NA,5.233236311094544,-6.02269848857612,0,0,0.12746103166729578,-47.251292491471624
ENSG00000230673,NA,53.613731308959764,-9.352221182554477,0,0,0.15454754954259278,-60.51355204423371
ENSG00000230733,NA,113.06639682497209,-10.429554841394923,0,0,0.14998924352172885,-69.5353519793171
ENSG00000231503,NA,9.04268084552838,6.483797917074029,0,0,0.12906186486438262,50.23790663405617
ENSG00000233825,NA,15.607135490037214,7.268301381566317,0,0,0.1380103235714467,52.66491080867282
ENSG00000234882,EIF3EP1,5.8102012008754205,-6.142562008748573,0,0,0.15522083488808122,-39.573050957866194
ENSG00000235241,LOC107985101,4.08833051997885,-5.662676877354346,0,0,0.1428816343093971,-39.63194363449355
ENSG00000236263,NA,55.96345596467121,-9.416455275805534,0,0,0.15057396986330493,-62.53707253885943
ENSG00000237718,NA,6.335608672296122,-6.288031005817694,0,0,0.1611235469500381,-39.026145618352814
ENSG00000238795,SCARNA12,19.41681433540396,-7.893837090189193,0,0,0.12623843514523975,-62.53117032944192
ENSG00000238917,SNORD10,36.83196588522544,-8.810175973218692,0,0,0.17988906581073083,-48.97560579078366
ENSG00000239257,RPL23AP1,12.214922123164266,-7.219713562012913,0,0,0.13218864276641443,-54.61674627199704
ENSG00000240494,RPS12P28,13.999144725632886,-7.415821170799699,0,0,0.13173428843264337,-56.29378090573176
ENSG00000241324,NA,23.569940286330183,7.862760886956394,0,0,0.18397731676142762,42.7376647587073
ENSG00000241743,NA,62.390727666861686,9.268306617001656,0,0,0.20642649827477375,44.89882207208029
ENSG00000243410,PSMD6-AS1,8.136358614066005,-6.640239964170635,0,0,0.14079084473188483,-47.16386194582454
ENSG00000243509,TNFRSF6B,60.383934149589216,-9.516097436883022,0,0,0.13944099056697043,-68.24462016649724
ENSG00000245261,NA,24.21217358574032,-8.202085071544095,0,0,0.13434265223035954,-61.05346987998902
ENSG00000248256,OCIAD1-AS1,4.962493558112752,5.624715497849983,0,0,0.14034444605080842,40.07793436880064
ENSG00000248406,NA,12.701800409843726,-7.280351451531041,0,0,0.16305167198679027,-44.650578327837465
ENSG00000251880,RNU7-75P,11.608745851599203,6.8419336001956115,0,0,0.16611570530831518,41.18775878233067
ENSG00000251991,RNU7-49P,15.1144756004631,7.220515984094901,0,0,0.13926509736453754,51.847276315002475
ENSG00000252244,RNU7-3P,8.707508779560186,6.420732668512286,0,0,0.15284633489216407,42.00776337255474
ENSG00000253797,UTP14C,107.77561018748665,-10.364090760215063,0,0,0.13302907982093026,-77.90846012139684
ENSG00000254633,NA,6.593652948125726,-6.338002720197885,0,0,0.1589293643875497,-39.8793687033357
ENSG00000254772,EEF1G,7.612770374290711,-6.519531924486532,0,0,0.14582356441920177,-44.70835663942976
ENSG00000255455,NA,151.88317933237727,-10.85660387437178,0,0,0.1393586672829227,-77.9040449083153
ENSG00000255513,NA,25.55117853390656,-8.284179361436841,0,0,0.1665189379850512,-49.749172446562994
ENSG00000258900,NA,16.274886181109057,-7.643877818007761,0,0,0.13174288657019334,-58.02118062697116
ENSG00000258967,NA,18.648388110003275,-7.828492240609204,0,0,0.15838249541061475,-49.427761700012596
ENSG00000259623,NA,62.40300467882414,-9.57822858817516,0,0,0.13381318424657,-71.57910965279699
ENSG00000260244,NA,14.02404132780849,-7.411632128733698,0,0,0.1486945639002115,-49.84467444087347
ENSG00000260304,NA,4.477511573130434,-5.777022920215605,0,0,0.14997801064100108,-38.51913287504481
ENSG00000260401,NA,146.5378429783592,-10.803853343054715,0,0,0.1405785755793107,-76.85277289610514
ENSG00000260465,NA,40.0406968225705,-8.933582852833217,0,0,0.14707067605871643,-60.743467645899564
ENSG00000260686,NA,6.731939570180692,-6.37771162779854,0,0,0.16526903844145574,-38.58987556255285
ENSG00000260966,NA,15.6725275286714,-7.58319240077051,0,0,0.14359223671470606,-52.81060156362808
ENSG00000261269,NA,59.076160869718414,-9.49372884136163,0,0,0.19665024283670407,-48.27722917812568
ENSG00000261438,NA,23.2050507991475,-8.149058947887681,0,0,0.1377485232811843,-59.158956871378656
ENSG00000262636,NA,9.56051387516093,-6.869136147192313,0,0,0.16848195546072983,-40.770752739710375
ENSG00000263335,NA,68.21426376533937,-9.700163147530985,0,0,0.14004940697349844,-69.26243642978473
ENSG00000263675,MIR5581,5.885735680290065,5.864591787757097,0,0,0.1383567383167896,42.38746778150543
ENSG00000263683,NA,4.0806093818362665,-5.669792634203945,0,0,0.13141803478025527,-43.14318536024703
ENSG00000265287,NA,23.94881413251162,-8.191877797387072,0,0,0.12944208153304862,-63.2860480947655
ENSG00000265415,NA,5.538028637594432,-6.087965848304185,0,0,0.1471110158998206,-41.3834804352786
ENSG00000265967,NA,32.50089203284459,-8.636087892204845,0,0,0.14107691176964332,-61.215458886045326
ENSG00000266208,NA,16.790748140271855,-7.679831971226392,0,0,0.14969417288876224,-51.303479774949395
ENSG00000266820,NA,426.4976790158413,-12.345471111645159,0,0,0.13453238964208752,-91.76579071024666
ENSG00000266931,NA,24.313652027645954,-8.199557494750843,0,0,0.12950900438104782,-63.31264404307903
ENSG00000267030,NA,14.180584926078009,-7.420087392027078,0,0,0.13321531883095117,-55.699955959592685
ENSG00000267368,UPK3BL1,433.27514771040137,-12.367068603464727,0,0,0.13056637461221504,-94.71863364664286
ENSG00000268734,NA,3166.2447608068337,-15.236963481439322,0,0,0.14344539793287545,-106.22134764176528
ENSG00000268810,NA,7.797578660966581,-6.584460377141834,0,0,0.15413494138602984,-42.71880417206051
ENSG00000271984,NA,12.671562094218578,-7.262837814137051,0,0,0.14546505066407892,-49.92840397731724
ENSG00000272112,NA,12.94429925893179,-7.306553888039622,0,0,0.14637942667273954,-49.91516946144955
ENSG00000272155,NA,28.614923662695322,-8.45222050228732,0,0,0.15078487268705337,-56.05483064491151
ENSG00000272379,NA,161.05001885855242,10.636525137500527,0,0,0.17866313909359346,59.53396538011423
ENSG00000272760,NA,22.907791156235344,-8.141560984478536,0,0,0.1280417576767134,-63.58520167330707
ENSG00000272821,NA,158.27663446743256,-10.914817507617416,0,0,0.13449332341284154,-81.15508807908051
ENSG00000273036,CYP4F33P,33.41271838966562,-8.668842660409286,0,0,0.16061051679682006,-53.97431521483605
ENSG00000273149,NA,27.165557905364103,-8.372135618363773,0,0,0.19941146317138778,-41.984224403228964
ENSG00000273300,NA,44.282772834389405,-9.079400623614292,0,0,0.1395431631201591,-65.06517711509892
ENSG00000273544,SNORA44,8.65222427310977,-6.724065789910125,0,0,0.16921805426539813,-39.736101559023
ENSG00000274012,RN7SL2,1802.9893626310297,-14.424269207275815,0,0,0.15759473835516413,-91.52760655478542
ENSG00000274266,SNORA73A,7.885469879591288,-6.548133461545793,0,0,0.15732611172477234,-41.62140276498509
ENSG00000275857,NA,13.508877660833237,-7.367449966865993,0,0,0.14672330486808052,-50.2132225926215
ENSG00000275902,NA,7.317065531615851,-6.485930713928245,0,0,0.14536785047451495,-44.617366857641755
ENSG00000276101,NA,6.023460065144458,-6.197546106904207,0,0,0.13406866128881237,-46.226657649347125
ENSG00000276259,NA,8.933638100921009,-6.782870093007939,0,0,0.13239033481429327,-51.233876721608226
ENSG00000277034,LOC124904974,3.2831021729266965,-5.33927983084258,0,0,0.13580399733311502,-39.31607269074566
ENSG00000277194,SNORD22,9.126945808801317,-6.793949480066202,0,0,0.1593509404184396,-42.63513890929022
ENSG00000278274,SNORA61,8.153150114455103,-6.642830955312852,0,0,0.15193450291539357,-43.72167498393691
ENSG00000279095,NA,29.737019995968915,-8.500918474124685,0,0,0.13364917188136963,-63.606218837407496
ENSG00000279117,NA,258.51509666310744,-11.623145469447042,0,0,0.13260570089528223,-87.65192892141008
ENSG00000279504,NA,7.8900863611528145,-6.540914457432748,0,0,0.14269592935820555,-45.83812927846929
ENSG00000279519,NA,27.23562757110424,-8.380991446699317,0,0,0.15994379852082655,-52.39960238663467
ENSG00000280153,NA,162.39385646137217,-10.953047764352013,0,0,0.13878947417039783,-78.91843261041888
ENSG00000283204,MIR4434,10.711801360446609,6.725524812075571,0,0,0.14486364030429721,46.42658984647969
ENSG00000283375,NA,46.98672882754405,-9.161533195637876,0,0,0.12559343733669168,-72.945954740275
ENSG00000283426,SMBD1P,18.096318422903334,-7.782252063004295,0,0,0.13575359586751765,-57.32630515805282
ENSG00000283440,NA,10.856656533311403,-7.0531097338266635,0,0,0.16118074580887393,-43.75900916968179
ENSG00000283928,MIR637,3.966025895880478,-5.579426326355259,0,0,0.13979566668390467,-39.911296671098064
ENSG00000284048,NA,88.68365065093131,-10.079456513152529,0,0,0.1456945066055388,-69.18213148860991
ENSG00000262372,NA,4.66696239115047,-5.855136894845523,6e-323,1.6344e-320,0.15239749103237984,-38.420165943555354
ENSG00000270096,NA,5.971324994129248,-6.201493473155155,1.73e-321,4.7268e-319,0.1617796799958032,-38.33295673051171
ENSG00000258666,NA,8.677460841121015,-6.726987811158575,1.0156807794e-314,2.75317203281e-312,0.1773783899393199,-37.924505986664094
ENSG00000209582,SNORA48,11.133599335372985,-7.08301549408785,2.66479384851e-312,7.16367060366545e-310,0.18749316679883823,-37.77745938702518
ENSG00000229417,NPM1P25,4.951068596436764,-5.936879047290541,9.8485595511006e-311,2.625852008837712e-308,0.15755274258009205,-37.68185148711406
ENSG00000220563,PKMP3,3.90295899116577,-5.580534433880458,1.1582092118496141e-297,3.0629454669141664e-295,0.1513360792902254,-36.875109095289595
ENSG00000266852,MIR4482,4.888592006917708,5.593474619317493,2.0269515824044797e-289,5.317151699391364e-287,0.15384805938862403,36.35713470514592
ENSG00000261604,NA,7.696152883995437,-6.542815536976652,7.969330852473712e-289,2.073811151754119e-286,0.18014614119490938,-36.31948757591007
ENSG00000260727,SLC7A5P1,6.322570497728396,-6.273347183172597,2.153761912113631e-288,5.560124402954936e-286,0.17285698522649154,-36.29212423757558
ENSG00000264032,MIR4491,4.626406678161492,5.513341642739539,1.5623107828395804e-279,4.00148386962251e-277,0.154323058625072,35.72597440628887
ENSG00000272601,NA,12.147271084643434,-7.211682799532787,6.351415331967792e-275,1.6140534212363153e-272,0.203559406481743,-35.42790246924597
ENSG00000237437,ASS1P12,3.9841657073834953,-5.609031203750412,9.452738605882126e-274,2.383555669551425e-271,0.15866385230518243,-35.35166405112681
ENSG00000267510,NA,4.114057734668211,-5.6631609581643705,8.008904316253742e-268,2.003951073839244e-265,0.16197243208890155,-34.96373355100354
ENSG00000280300,NA,3.574326797708543,-5.4611680145246515,1.0116735178071638e-267,2.512039403605452e-265,0.1562250550795334,-34.95705609925628
ENSG00000278527,LOC124900306,5.884556464434289,-6.168197951028436,2.3392322167780396e-258,5.764435268739097e-256,0.17964627935987953,-34.33523907651817
ENSG00000278769,NA,3.1975459317505295,-5.280805157393259,7.903982418733722e-258,1.933088271553162e-255,0.15396027515128588,-34.29979033360512
ENSG00000234286,NA,4.118568289456585,5.344804036950751,6.919881844076522e-254,1.6797754971949337e-251,0.15704150105655554,34.03434124732366
ENSG00000226403,NA,3.4339688572470046,5.092204536623148,1.7506282066944563e-252,4.2181062449894273e-250,0.1500382989748551,33.93936462500518
ENSG00000254641,NA,2.234163662335844,-4.775640885376972,7.067441604890211e-251,1.6903657391460942e-248,0.14116451220835452,-33.83032187529024
ENSG00000207051,SNORA27,4.347098976990584,-5.731389874713911,2.931008099584663e-247,6.959111785641601e-245,0.17066138148501916,-33.58340255330125
ENSG00000207609,MIR491,3.5912531152285228,5.133799813271667,2.823791999732391e-246,6.655964215021393e-244,0.1531748671252345,33.51594102624104
ENSG00000283971,MIR4442,2.506942929589888,4.627786963303407,2.6422406128652704e-241,6.183223212610181e-239,0.13950475517198424,33.1729693199216
ENSG00000252481,SCARNA13,3.1859605338402464,-5.23194844819988,4.0448347930683403e-237,9.397884724923356e-235,0.15911539594377608,-32.88147207356732
ENSG00000270372,NA,29.382008600199974,8.18201489406653,2.2781818121167788e-230,5.255652339328693e-228,0.25248656338015246,32.405743832583305
ENSG00000277986,NA,4.391752771147152,-5.7487229630623355,2.626848375626724e-230,6.01733267340747e-228,0.17742231092888355,-32.40135320617374
ENSG00000261229,NA,3.256664755712629,-5.3156210999674895,4.128913869840844e-219,9.391979745327482e-217,0.16823468004930509,-31.596464524494134
ENSG00000259539,NA,2.3840060696668552,-4.863627277959653,2.011723643156585e-215,4.544260185041486e-213,0.15525431041510646,-31.326842165964205
ENSG00000200320,SNORA63,3.2101733024428185,-5.300481280375143,2.601276952747876e-212,5.835471497860891e-210,0.170447036392868,-31.097526789248008
ENSG00000278621,NA,9.037416774403384,-6.782221560440169,4.7947337239489656e-209,1.0682404011822736e-206,0.21980922439710615,-30.85503612981885
ENSG00000251720,RNU7-123P,2.2877531839471446,4.489567383494354,3.8066103833915687e-208,8.423226023874894e-206,0.14582252339429924,30.787887076639823
ENSG00000254765,NA,3.4631568055324604,-5.372227416144233,2.2979506509006533e-207,5.050522890033544e-205,0.17482314234733512,-30.729498074521505
ENSG00000227708,NA,19.72907204101169,7.607365154700289,5.684473624697887e-206,1.2409701883501536e-203,0.24840354672143844,30.62502631345777
ENSG00000254341,SNORD87,3.0589009254397657,-5.246340721002489,3.4246828236072823e-205,7.426538859086512e-203,0.1716375499931877,-30.5663925010041
ENSG00000255750,SSPN-AS1,3.0692196274712797,4.920980202809036,2.8098412976790148e-202,6.052881968933973e-200,0.16216070054227824,30.346318105144395
ENSG00000238406,RNU7-171P,2.374055353546571,4.557276871112477,6.472028044657384e-194,1.3850140015566802e-191,0.15341397041970573,29.70574882225396
ENSG00000262006,NA,7.021381624431091,-6.41236176196389,1.548675008984192e-192,3.2925033132181567e-190,0.21664267699333933,-29.598793049261655
ENSG00000278281,MIR7856,2.6013956250001478,4.683576423614623,2.0919565323274915e-191,4.41864688854212e-189,0.158707144539833,29.510810223411955
ENSG00000254830,NA,4.96295749503633,5.614096473861328,2.1313341119063595e-188,4.4727765156187136e-186,0.19176816614246786,29.275434952485906
ENSG00000279507,NA,2.1405259414262443,-4.711462200195348,1.7978679625225787e-187,3.748785197752208e-185,0.16133714208947295,-29.202588685886766
ENSG00000221803,SNORD23,1.9058989132566324,-4.529666613546064,3.856513209631969e-187,7.990105839675713e-185,0.15525065096601584,-29.176474207103983
ENSG00000258908,NA,2.581012355592743,-4.936939230254331,1.0137802551516989e-186,2.087104059466738e-184,0.1694018081415285,-29.143367974736808
ENSG00000266668,MIR5692C2,2.8150374432930967,4.811981232149581,1.8390346736413463e-186,3.7622716895726866e-184,0.16522987262445185,29.122949474679135
ENSG00000207166,SNORA68,3.214641762816542,-5.287041561325,3.0181411791020447e-186,6.135881017114458e-184,0.18164811180784401,-29.105953861595232
ENSG00000228714,NA,15.492826713959346,7.259655687713872,7.576466724535781e-186,1.5307286311534156e-183,0.2496927825280157,29.074351345735572
ENSG00000278598,MIR6775,4.071871350849115,5.326044397427351,1.4741146513755602e-185,2.9598766283916186e-183,0.1833312810283551,29.051476472275308
ENSG00000265579,NA,5.0320202842141315,-5.950563898209918,4.450982592136704e-185,8.882304402271333e-183,0.20509667732300957,-29.013458315749762
ENSG00000232212,NA,6.072642374922953,5.909211663531852,7.698524503554721e-184,1.5269366161684632e-181,0.2043637795434674,28.915161369263014
ENSG00000231259,NA,1.9869679912929725,-4.427005216557926,6.014798870759624e-182,1.1857538040489032e-179,0.15390667412732592,-28.764218586748843
ENSG00000199753,SNORD104,2.3961312006584206,3.914700783055151,2.779860699025762e-180,5.447187278187349e-178,0.1367303898104951,28.63080247544696
ENSG00000264384,RN7SL431P,2.557765097369659,-4.975793515827429,3.08626667168714e-178,6.0113821734514546e-176,0.17479758847382063,-28.46603067737775
ENSG00000278677,H2AC17,6.520020714449377,6.0085476628792325,9.44471621161132e-177,1.8286769579243632e-174,0.21197353987245168,28.345743843758445
ENSG00000207750,MIR553,2.162442085035595,4.426457131549197,4.877852908329077e-176,9.38856801196025e-174,0.15647917715021345,28.287834919402624
ENSG00000279192,PWAR5,3.9633928856828367,-5.609238606804592,6.734816997193911e-175,1.2886478075571972e-172,0.19894446975351066,-28.19499639147727
ENSG00000199293,SNORA21,1.9812143868054586,-4.594346135729865,1.2990694359444597e-168,2.471118749263239e-166,0.16599507087724286,-27.677605795460572
ENSG00000265429,MIR4782,1.9848764719703156,4.298905708643965,5.4971008395516894e-167,1.0395912564473101e-164,0.15608468001239723,27.542137436566605
ENSG00000263776,SNORA4,2.902915242606728,-5.1496987703606125,1.8748732231442755e-165,3.5251951562102306e-163,0.1878501953237555,-27.413859014015
ENSG00000205307,SAP25,5.936016781872487,-6.0880272181269115,1.5712342585026533e-162,2.93730505520542e-160,0.2240919137343606,-27.167545301717944
ENSG00000221491,SNORA2C,2.2044707581230827,4.45352028703122,3.2793514380555534e-161,6.095471061546916e-159,0.1646060578454158,27.055628117973598
ENSG00000206834,SNORA1,1.8272740875951758,-4.512286528460906,9.871234694774295e-161,1.82438364858874e-158,0.16702940633987118,-27.01492286501523
ENSG00000258994,LINC02309,16.570905036681186,7.35528854688585,2.9972150551944516e-160,5.508102334201419e-158,0.27268233786379054,26.973835579185703
ENSG00000200084,NA,2.649386809851681,-4.998870217097405,8.95562297667197e-158,1.6365646302538531e-155,0.1867899439437963,-26.761987886251134
ENSG00000284574,MIR6787,2.461688992417241,-4.9045592502390365,3.631489346423182e-157,6.599166785500181e-155,0.18362465667930838,-26.70969868063314
ENSG00000273153,NA,2.1625006084817313,-4.715562409502202,4.167734010675794e-157,7.531558438847901e-155,0.17658274016072772,-26.704548843279024
ENSG00000266318,MIR5692A1,2.360097324976307,4.553754064044139,1.2323233405912363e-155,2.2146416366161179e-153,0.17133802069792403,26.57760399877967
ENSG00000213927,CCL27,1.812978858403221,-4.4588515680483845,1.7220451568324708e-153,3.0777299374421215e-151,0.16895123268744727,-26.39135268280092
ENSG00000239607,NA,1.396960992497266,-4.122602956961952,3.552279597875566e-150,6.314128456814011e-148,0.15794812018730586,-26.100994124356042
ENSG00000200259,SNORD35A,2.939565030411616,-5.163160632691144,6.593376637213291e-150,1.1655943220395322e-147,0.19799427729798658,-26.07732255271425
ENSG00000214076,CPSF1P1,3.7043145991677813,-5.485911160323202,2.0963376036433966e-148,3.6859280849358056e-146,0.21144774530036806,-25.944524272558667
ENSG00000265932,MIR3146,2.3803745862934105,4.564116720672299,1.38106618094239e-147,2.4152322975104336e-145,0.1764123537327926,25.87186568342857
ENSG00000237111,IGHJ3P,6.886242089377776,5.987106765347922,4.339943116260146e-144,7.549180197096793e-142,0.23424478351355085,25.559189304215916
ENSG00000214788,NA,4.975854126223397,-5.927963922877068,3.1290256557714214e-143,5.413880134624085e-141,0.23263428426453867,-25.481901524609846
ENSG00000242865,RN7SL244P,2.0936552932078616,-4.687591823167585,5.772975481012451e-142,9.935626796104392e-140,0.18478785604913991,-25.36742361425002
ENSG00000125780,TGM3,3.867533606062029,-5.422690164552845,9.748107526958495e-141,1.6688760086152942e-138,0.21470957799242305,-25.255930430566114
ENSG00000201965,NA,2.00986469216283,-4.612074261184753,1.5550766032489145e-140,2.6483524476691464e-138,0.18274716193636076,-25.23746039235808
ENSG00000266610,RN7SL176P,1.5158255607777404,-4.2237947652582335,1.1357864286476913e-139,1.924211507867297e-137,0.16788622448832866,-25.158673846714976
ENSG00000254198,NA,2.1073998209972227,-4.7178898147447015,1.9666169501816062e-139,3.314513790440792e-137,0.18768798088336006,-25.13687766547324
ENSG00000272559,OR51F3P,8.632736605072541,-6.679707456914593,1.0846841039119911e-138,1.8186909552602703e-136,0.26645328399961055,-25.0689627714416
ENSG00000209480,SNORD83B,2.9056999509271497,-5.1421349003901895,2.8130528919412616e-137,4.6924607420033516e-135,0.20618876030953606,-24.93896802459397
ENSG00000207110,RNVU1-32,1.6132624002484108,-4.301058088230995,4.057482262574885e-135,6.733764440665095e-133,0.17385638372764398,-24.739143861227724
ENSG00000264824,MIR5571,6.781294007970691,6.067608621473278,4.969919425069134e-132,8.206169495362884e-130,0.2481587751470142,24.450510032855803
ENSG00000258594,NA,3.9858986745845324,5.2985333638195735,2.4238939063380003e-130,3.982041463907196e-128,0.21812493316937842,24.291277878376036
ENSG00000207145,SNORA18,1.2935935759666843,-4.002401559142421,1.9238161077922814e-129,3.1446176057420766e-127,0.1653475392534727,-24.205994097117237
ENSG00000105583,WDR83OS,3.1048314589115793,-5.2243958501893895,2.2669684311307464e-126,3.686997456391046e-124,0.2184791226925159,-23.91256329577139
ENSG00000244668,NA,1.4697453721163483,-4.200842879155467,3.100464501546589e-126,5.017507925686937e-124,0.17577124537915467,-23.899488622805535
ENSG00000280137,NA,1.6467992530599247,-3.669724375849792,9.679716599577466e-125,1.558721888866613e-122,0.1544800721181731,-23.755325366773206
ENSG00000215221,NA,1.5295642445412059,-4.142574737787823,1.2568194734120592e-123,2.0138829473471655e-121,0.17518135849486247,-23.6473490865714
ENSG00000224497,NA,2.0121027360748487,-4.6458144535308925,2.7246512988684064e-123,4.3444832083133095e-121,0.196734301356155,-23.614664151120305
ENSG00000207406,SNORA41,1.6618125043804814,-4.340476245751031,1.9914175984577304e-122,3.1598454459821006e-120,0.18446223031561143,-23.53043351110174
ENSG00000199047,MIR378A,1.9086136855562001,4.23294972217066,2.0681698986726287e-120,3.265700507962295e-118,0.18141751189974437,23.33264125301139
ENSG00000251794,RNU6-237P,1.4148742446932534,3.8106509620850892,3.108169137091053e-120,4.884179985086848e-118,0.16344057724299224,23.31520743725516
ENSG00000261011,NA,2.437043889779518,-4.8233329977968324,8.687961096472841e-119,1.3586634545484066e-116,0.2081518379724226,-23.1721854814266
ENSG00000263515,MIR548AN,2.1313007055233086,4.398590677823768,3.4184720994554045e-118,5.320385667516048e-116,0.19030722308363754,23.11310420356796
ENSG00000266705,MIR4437,3.0043466125673057,4.887478988205188,1.1063513513968238e-117,1.7136855599159944e-115,0.21192477328537085,23.062329676879592
ENSG00000227401,RPL37P1,1.2791528150475788,3.3117839814961747,3.005842606491801e-117,4.633841151846697e-115,0.14387156008981747,23.019031554454983
ENSG00000232124,LOC105372832,1.7555930728073168,3.3536569229722413,8.859845671343773e-115,1.3594012264031617e-112,0.14727659652352615,22.771146279419376
ENSG00000264281,NA,1.9958380143739336,3.2950179129540977,9.334735316301757e-115,1.425541175439735e-112,0.14471599625332685,22.768857612576117
ENSG00000266594,MIR4766,1.171500810841149,3.54967152137786,1.114723833792472e-110,1.6943802273645573e-108,0.1587966465512699,22.35356727279373
ENSG00000230426,LINC01036,1.1404975244762683,3.4452128265517166,4.583456426018682e-110,6.934449796536543e-108,0.15456069926705196,22.290354811342006
ENSG00000212295,SNORD28B,2.508027258114428,4.633025750527096,1.1951103816414427e-109,1.7997477080570762e-107,0.20825016660995357,22.247404772571524
ENSG00000242317,NA,4.112147540351191,5.3442549678284985,4.2194924483312666e-109,6.324960846051587e-107,0.24083261118632188,22.190744606816878
ENSG00000270696,NA,1.131928098312828,-3.4404685686158585,6.389297215499581e-109,9.533534854393136e-107,0.1551712340836346,-22.17207711811782
ENSG00000251892,RNU7-84P,1.6104931795143043,4.005653313600669,1.8248768175953205e-105,2.71048370423473e-103,0.18365298654220177,21.810989241278723
ENSG00000212615,LOC124903416,1.999078831129084,4.304183429808488,2.290932789637219e-105,3.3872482627872477e-103,0.1974343496914106,21.80058047921203
ENSG00000274758,NA,1.2651636516410123,-3.936106058720516,1.4300125919645025e-104,2.1047714747249473e-102,0.18124878966372623,-21.716592237792245
ENSG00000231234,NA,1.2191274366460016,-3.111698469772923,2.594125732865219e-104,3.8009784611999934e-102,0.14346759088429104,-21.689208347288403
ENSG00000212588,SNORA26,1.0946113857666653,-3.7268824461893115,5.790317055720093e-104,8.446073237150815e-102,0.17212460707197041,-21.652235026633882
ENSG00000269125,NA,1.7498730653358188,4.104873529048158,3.4390774902444853e-103,4.9940318126193137e-101,0.19030500693587088,21.56997125373281
ENSG00000199631,SNORD33,2.0964461448919574,-4.678887048677347,3.427731809479863e-101,4.955433791056044e-99,0.2190897966214976,-21.356024428470548
ENSG00000279274,NA,1.6473344411279525,4.004959261940068,9.803176842393019e-101,1.4109634350856643e-98,0.18796562194712543,21.30687101424674
ENSG00000249642,LOC105377603,10.92316197423549,6.755248995284666,2.1549512978244713e-99,3.0879407848297095e-97,0.3192211104618083,21.16166122444733
ENSG00000240247,DEFA1,1.2080029495156472,-3.7599744004769073,6.004870277715354e-99,8.566948262873904e-97,0.17808570167212187,-21.113286272692978
ENSG00000252699,SNORA21B,1.0825080033771117,-3.7277724817196924,1.796671108144446e-97,2.5520575461014206e-95,0.17791909244142892,-20.952065517908807
ENSG00000239112,NA,2.6372024612793292,4.698602457622877,3.3256299804324436e-97,4.703308347978545e-95,0.2245693432869594,20.922724308005407
ENSG00000224271,EPIC1,2.5964772817055546,4.618942601360111,1.5744832113613816e-96,2.217090471825239e-94,0.22154851491475036,20.84844758782262
ENSG00000240499,NA,1.6145060974858847,3.925916122392542,4.206022727655853e-96,5.897133934706447e-94,0.18873351621370865,20.80137222657956
ENSG00000210151,MIR12136,1.1948020670873294,-3.7343778215223025,7.641681633374987e-94,1.0668181123194059e-91,0.18171848996252682,-20.550345880005878
ENSG00000267078,NA,1.512202738913655,-3.435505450836388,1.8530252150462467e-93,2.575863427137791e-91,0.167525983585921,-20.507299090557975
ENSG00000213657,RPL31P44,0.8406866292814608,2.9351463332891607,2.9379498128923143e-91,4.066622617606859e-89,0.14487857846200475,20.25935348377897
ENSG00000251712,RNU7-20P,1.3071084920302833,3.7074257542009814,3.307941137559662e-91,4.559352089938165e-89,0.18305100609599656,20.253512030721723
ENSG00000266017,MIR4477B,1.539940151234996,3.6086923055697624,1.8069988075202685e-90,2.480086802152713e-88,0.17891643150508105,20.169708702620078
ENSG00000206680,SNORD21,1.8359398701105372,-4.486963227136275,5.985375426987627e-90,8.180348398699728e-88,0.22311669044769938,-20.11038805807341
ENSG00000219755,RPS3P5,1.420630630973341,-4.1236797693165395,8.99439497460842e-90,1.2241409193893835e-87,0.20525852587008114,-20.090175313480678
ENSG00000206910,SNORA29,1.536188269649888,-4.230872986117336,1.8468609906815454e-89,2.503112262703721e-87,0.21096960470500456,-20.054419649850974
ENSG00000206066,NA,2.6493691422720818,-5.0154081341986645,2.8635832263220522e-89,3.8650056093694487e-87,0.25036241611376403,-20.032592000229283
ENSG00000264354,MIR3134,1.8462483006033703,4.18473801728332,3.765143288185692e-89,5.0608504495084375e-87,0.2090387547533091,20.01895783498048
ENSG00000199085,MIR148A,1.8091378466944432,4.137533088698606,3.951809487837378e-89,5.28989543293721e-87,0.20670564080564283,20.016546585629783
ENSG00000231445,NA,1.2905868203846051,-3.98503552163571,6.215127229656076e-89,8.285477808452986e-87,0.19931188812333023,-19.99396804253768
ENSG00000276759,LINC03106,2.4211301599952377,4.571075768621737,3.1682531162296116e-88,4.2064056067231355e-86,0.22955762330496882,19.9125417958742
ENSG00000265660,MIR4664,1.8719617377700946,4.2207785035877246,5.446688670103705e-88,7.202028010615174e-86,0.2122553487546893,19.8853811145453
ENSG00000206885,SNORA75,1.318961293577511,-4.011778371421987,8.066783470698865e-88,1.0623333309104966e-85,0.20194527970908718,-19.8656704291438
ENSG00000233515,LINC01518,1.4791228111196189,3.829810805521741,1.2557607996670345e-87,1.6470720682084395e-85,0.193001395234709,19.84343585114661
ENSG00000182566,CLEC4G,1.7320589622850129,-3.809467920424338,5.197290916664099e-85,6.7894569854317193e-83,0.19497527547083937,-19.538210222937135
ENSG00000281420,NA,1.2469607734532548,2.9464237286614106,2.0448676111249779e-84,2.660618146186931e-82,0.15134577525449122,19.46815974021696
ENSG00000268357,NA,1.0736694097522896,-3.762515184992155,1.729660721582859e-83,2.241530037914233e-81,0.1943602122766291,-19.358464064841833
ENSG00000265623,MIR3139,1.2058412047655807,3.572019802027,2.1024281901525247e-83,2.7138009590984654e-81,0.18461571106840188,19.34840638077402
ENSG00000264563,MIR4633,1.1684958051027676,3.4919488963229126,8.759449039076876e-83,1.1261950922651884e-80,0.181167414963418,19.274707303341607
ENSG00000200418,SNORA63B,1.4694402847923522,-4.1550271285314055,9.187087749091177e-83,1.17652594607259e-80,0.21559647258322012,-19.272240768816694
ENSG00000250775,LOC105377253,0.9486970444824873,3.2099362185876257,2.149947236621447e-82,2.7424895573655855e-80,0.1669390581375844,19.228191738940605
ENSG00000272087,NA,1.1691571916154457,-3.871598404568746,2.9954142529813313e-81,3.806048235194404e-79,0.2027962491495816,-19.09107501151598
ENSG00000284233,NA,0.8619527921434811,-3.419139980109923,7.849277652819291e-81,9.934681069685055e-79,0.17957020959819026,-19.040686023370224
ENSG00000261453,NA,1.730965837449131,4.066017412367635,6.4668431528452605e-80,8.15323542929266e-78,0.21479323744196632,18.929913533549712
ENSG00000252874,NA,0.9598130057683802,2.7560405901086162,7.07666504657312e-80,8.88763554575021e-78,0.14562834677503725,18.925165677847552
ENSG00000283418,LOC124906339,1.1340754604807712,3.1865231400464658,7.530977869060557e-80,9.421832620184683e-78,0.16840409154323716,18.921886700290397
ENSG00000255270,NA,2.7096870348914934,4.742266946790753,1.5500995505043203e-79,1.931863531754963e-77,0.25112879827943735,18.883803766360213
ENSG00000259815,NA,1.160727027510845,3.4187182307530612,7.088656558416541e-79,8.800756508861575e-77,0.1818142623351239,18.803355616027567
ENSG00000249111,NA,16.95218162792055,7.388268200099728,1.0498297539460348e-78,1.2984358264774381e-76,0.3933587874738797,18.782517221864104
ENSG00000221539,SNORD99,0.9604131986027651,2.7941755158605255,1.60410319174629e-78,1.976449568981944e-76,0.14894328621485925,18.75999641789672
ENSG00000188038,NRN1L,1.2297696221634944,-3.331933911907182,2.0123792668815444e-78,2.470138595966901e-76,0.17772267177363868,-18.74793957718006
ENSG00000200769,NA,1.1355274171692626,2.594786706945335,2.8281510621771465e-78,3.458424727462339e-76,0.13853765046014463,18.729830470828
ENSG00000267670,NA,1.0286688492343115,-3.3192464736475786,5.639724449924883e-78,6.87074744970624e-76,0.17756582634770104,-18.69304776667998
ENSG00000279172,NA,1.4502500748321776,-4.1418434590462,9.73705404984451e-78,1.181816769154262e-75,0.22191743598616281,-18.663893806453565
ENSG00000277654,NOP35P1,1.3823181725629174,3.6359662041367624,1.2817095497427585e-77,1.5498679640904257e-75,0.194966293219024,18.64920414757098
ENSG00000237339,LINC01502,4.999065726312057,3.554615546396677,3.0700261074158197e-77,3.698585526741547e-75,0.19108328163758231,18.602441385419215
ENSG00000206601,RNU6-431P,1.1672028557649599,2.9746074665217894,4.806966957014646e-77,5.769779379253595e-75,0.16011113971157928,18.57839168392769
ENSG00000261713,SSTR5-AS1,1.404463529747054,-3.384319804229184,2.219968182553361e-76,2.654820773606461e-74,0.18297485157967674,-18.496092632464716
ENSG00000202400,SNORD82,1.1749896437377265,3.533556068472415,5.001103298732545e-76,5.9588237399696786e-74,0.19149721661559943,18.452258110703895
ENSG00000255527,NA,5.445619307194284,5.748933845116355,1.4104791804704213e-75,1.6744549920562726e-73,0.312507520247369,18.396145604962463
ENSG00000231851,MRPS9-AS1,1.316510590917625,2.90208503206358,1.7320168592359716e-75,2.048692523535552e-73,0.15785059302647206,18.385011905383788
ENSG00000206047,DEFA1,1.451672557016301,-4.069430369846419,5.021813117249265e-75,5.918461488329134e-73,0.2220433261787349,-18.327190642832967
ENSG00000236946,HNRNPA1P70,1.5910884750817194,-4.304818336008115,8.685925993816466e-75,1.019984840169177e-72,0.23526993385942357,-18.297358550626754
ENSG00000256210,NA,1.1133279259493236,-3.7727701356727388,9.128626086126764e-75,1.0681149256457964e-72,0.2062225967517738,-18.29464954422017
ENSG00000171560,FGA,2.826725374533282,-4.994378170657452,1.12700918523122e-74,1.3139553683584634e-72,0.2731681993803809,-18.28316100478038
ENSG00000282860,NA,1.251272354978833,-3.9268766024417934,1.9107518299722935e-74,2.2197476973335274e-72,0.21512005865748265,-18.2543488828916
ENSG00000237517,NA,1.5347667124004836,-4.170946568957233,2.2347228274517922e-72,2.5868706096566513e-70,0.2318171505353947,-17.992398575015688
ENSG00000118271,TTR,1.7802032475073415,-4.27922388069069,1.1077680279309203e-71,1.277782922430389e-69,0.2390163082016389,-17.903480782912318
ENSG00000273219,NA,1.2224442234219937,-3.892830912684467,1.0599920211905686e-70,1.2183540800454706e-68,0.21897786963277954,-17.77728004758037
ENSG00000236921,NA,1.237975091548395,3.6199560991444906,3.408391606911546e-70,3.903808527803478e-68,0.20438259756521004,17.711664996279893
ENSG00000236133,LINC01069,1.5790361328886038,3.920643781771462,4.08725862120511e-70,4.664924506335432e-68,0.22148728663658865,17.701439397758147
ENSG00000233080,NA,0.8988673839843655,2.8180043080520023,5.6630331957436085e-70,6.440809223466716e-68,0.15936174110910084,17.68306676646288
ENSG00000274029,NA,0.7312585274844301,-2.851749204710386,2.480581958124171e-69,2.8114414611102104e-67,0.16203486249093674,-17.599602708151128
ENSG00000255931,LOC105369329,2.379597701824379,2.8365753140938907,3.339462970778317e-69,3.77173789977351e-67,0.1613271219633783,17.58275533321546
ENSG00000145075,NA,1.1693844341644686,-3.4025662186359913,5.11785248943958e-69,5.760328919601753e-67,0.19378416767710438,-17.558535660692186
ENSG00000201403,SNORD14B,0.7680076494490445,-3.263544784395358,4.384587402974124e-68,4.917995139446286e-66,0.18717091832916458,-17.436174452357964
ENSG00000250706,NA,1.0204148018080408,2.66608181320152,1.2843939036785983e-67,1.4356963882768882e-65,0.15344685440995073,17.37462669699816
ENSG00000248837,LOC105374524,1.26850098994758,3.6252502002947424,1.6765500245996083e-67,1.8676307945265774e-65,0.20883578029198316,17.359334665860942
ENSG00000201492,RNA5SP78,1.5636777037288365,2.4902964605884397,2.9206667214700182e-67,3.242438468122074e-65,0.14371985506846938,17.327435095185987
ENSG00000200390,NA,1.3576423651903307,3.735676365045483,7.341174628537287e-67,8.122235657042887e-65,0.21625584178390317,17.27433735074964
ENSG00000213931,HBE1,8.276993178964322,-4.425651251083599,9.555838148971616e-67,1.0536688247788092e-64,0.2564239432543868,-17.259118610047686
ENSG00000248375,NA,1.0394364759353876,-3.677446407950879,2.0451613389195978e-66,2.247466487580293e-64,0.21361721378649973,-17.215122052974216
ENSG00000201785,SNORD117,1.1689980468198884,2.774731157796599,2.6128056485917465e-66,2.861594011360011e-64,0.16131280867688097,17.20093513066621
ENSG00000265452,MIR3682,1.2792046818872738,2.633522939969517,2.652103161498866e-66,2.894886296551514e-64,0.1531111745331725,17.200070132039563
ENSG00000233290,NA,0.737224009156879,2.7995577761917616,8.367765713594514e-66,9.103233549558607e-64,0.1633980483883059,17.133361161932463
ENSG00000265612,MIR4539,1.0818852825588892,3.302235916781679,1.2985867038709683e-65,1.4080142767838284e-63,0.19302540799484458,17.107778458211452
ENSG00000252473,NA,0.9700867436210943,2.6898914448443,3.8199455039208394e-65,4.128079314004554e-63,0.15781294795103484,17.04480829848576
ENSG00000277916,NA,0.9306212721950744,-3.529506383428744,6.202197595138529e-65,6.680300773995565e-63,0.20741735435684389,-17.016446836731554
ENSG00000206675,RNU6-32P,1.2957521645091759,2.7631876067387715,7.610262509977124e-65,8.169855410050689e-63,0.16249781151554687,17.00446043529888
ENSG00000271924,RNA5SP108,0.7703833121395218,2.527727903270852,9.35615407050626e-65,1.0011084855441698e-62,0.14875680232370994,16.992351702816645
ENSG00000221500,SNORD100,1.9408446323489714,2.952813772368427,1.1161708307348174e-64,1.1903870420374472e-62,0.17387903696827883,16.981999807757823
ENSG00000206656,SNORD116-17,1.0782882972147856,3.4081820318868723,2.066016782234459e-64,2.196189342892892e-62,0.20112217942191418,16.945828857279768
ENSG00000278275,NA,0.8403235048318156,2.7737732400892856,2.2321018698720106e-64,2.3650100854461487e-62,0.16372865891235366,16.941281132548255
ENSG00000278418,MIR6512,0.8779704185431549,3.1258428387972095,4.2200849050902855e-64,4.456848110155091e-62,0.18491981631459412,16.903774301178093
ENSG00000284117,MIR6883,1.3960762710034231,-4.070910884643465,2.034376446550195e-63,2.141559775190445e-61,0.2421605754360147,-16.81079125829509
ENSG00000255838,NA,1.3062323070195943,-2.911463699443829,4.732636993628111e-63,4.965910197701135e-61,0.173708077469586,-16.760669635259696
ENSG00000255391,HMGB3P25,2.422625476477769,4.582214245592399,1.1810425487115547e-62,1.2352717692761881e-60,0.27428206501186175,16.70621170725922
ENSG00000264386,MIR4513,1.0791136732411528,2.540561852108672,1.5851640420322707e-62,1.6526351268982596e-60,0.15223292168020366,16.688649367484654
ENSG00000268618,NA,1.7846614020098155,-3.621718004246045,1.7517934451963855e-62,1.8205219548034513e-60,0.2170944912749156,-16.68268035258304
ENSG00000212452,SNORD69,0.8271801938488347,2.7677028969528226,2.444497009225442e-62,2.532312061021821e-60,0.16610104024882705,16.66276678825536
ENSG00000171557,FGG,1.5614928559005197,-4.126021748891302,2.7810008168514204e-62,2.871758557795016e-60,0.24773393838555596,-16.655052496157577
ENSG00000238317,SNORD11,1.4814146931913028,3.0631218541549985,2.92605309936512e-62,3.011982760004703e-60,0.18394907201914423,16.652010366413855
ENSG00000176748,OR52Z1,1.0978211087267913,-3.4223380075121574,5.831524484290776e-62,5.983843167981399e-60,0.20603221849777373,-16.610693378274416
ENSG00000202290,RNA5SP37,1.9072691438587057,3.0193917668213475,1.7216854362514047e-61,1.761100121710242e-59,0.182488830830086,16.545625028595207
ENSG00000252112,NA,0.9559503738331049,3.2295667989343313,4.635511272073512e-61,4.726768359185179e-59,0.1958990473865316,16.485872912704984
ENSG00000212533,NA,0.9938134722199939,2.688700738082175,1.1543224586693594e-60,1.1733687792374039e-58,0.16363943037907802,16.43064102492706
ENSG00000277759,MIR6719,1.1666323178784932,2.5094912409785004,1.4037721940995627e-60,1.4224891566875569e-58,0.1528428020740995,16.418772797438493
ENSG00000188394,GPR21,1.2013123007273947,3.5256346406543364,1.7287006326077256e-60,1.7463097570641026e-58,0.21489735220319298,16.406133460968498
ENSG00000207475,SNORA80E,1.1094342975364455,2.327367815347165,3.288409078282048e-60,3.311621377658156e-58,0.14219848613079974,16.367036518281644
ENSG00000211690,TRGJ1,0.7004199577006642,-2.7859897055147567,4.6843355259908664e-60,4.70284154288367e-58,0.17044399778735464,-16.345484391832606
ENSG00000237272,OR51R1P,1.1504254481049976,-3.0613915074424893,6.980240869457616e-60,6.986254615437456e-58,0.1875719897972667,-16.32115493763931
ENSG00000274066,MIR6514,0.8652560291661411,2.530069518947049,3.1118145005615613e-59,3.104941781419217e-57,0.1558917202888225,16.22965937036013
ENSG00000222345,SNORD19C,1.4799797423416372,3.151611894895874,7.379343000655949e-59,7.340528107808462e-57,0.19482572982975296,16.176569171073485
ENSG00000273082,LARGE1-AS1,1.129487405316399,3.449347423424813,1.002368141783868e-58,9.940558206080994e-57,0.21348013903205926,16.157697100369646
ENSG00000242659,NA,0.8056046082420949,2.5811728859217586,1.0446623097286278e-58,1.0328503225183222e-56,0.15977400899558056,16.155148776376734
ENSG00000279483,NA,6.816307078786572,3.075394484673103,1.3053374329983769e-58,1.2866671521385213e-56,0.1905282908786608,16.141405932369846
ENSG00000281133,NA,0.7393454189909923,2.880055012621177,1.444382936761598e-58,1.4194226032320622e-56,0.17849562261270843,16.13515766081383
ENSG00000266308,RN7SL510P,0.8801121199444966,2.5407130123415933,1.761244618544842e-58,1.72559532988032e-56,0.15758404785446162,16.122907406770608
ENSG00000259405,NA,1.166168418021123,2.940423458442707,2.1798833503543182e-58,2.129346715325083e-56,0.1825247365817548,16.109725802155367
ENSG00000237911,SRP68P3,0.9221439839907265,2.8072027482307176,2.377904396323267e-58,2.315822580946204e-56,0.17431334131571885,16.104348221667504
ENSG00000250453,NA,7.707170996464023,6.251868296915184,2.5923877677628228e-58,2.5171698301429585e-56,0.38833879432865465,16.099005271217305
ENSG00000199036,MIR219A1,1.066094024134756,2.5858685962240275,2.8018380030997858e-58,2.7124460287151736e-56,0.16067086950255777,16.09419681507893
ENSG00000276712,MIR7111,0.7827441984013139,2.7059630065586657,3.497659227262245e-58,3.376019565115321e-56,0.16827645611636327,16.080461099605586
ENSG00000229416,NA,8.507196444805164,6.39323101777449,4.468161351591547e-58,4.300010427354138e-56,0.3979531998724415,16.065283605770112
ENSG00000270187,IGKV1OR2-11,0.9664292229541489,2.9688473004862166,5.187575038445941e-58,4.977623623910607e-56,0.1849055109823865,16.05602388329583
ENSG00000206622,SNORA69,0.9052001321250842,3.1640084806698963,7.355328117253866e-58,7.036885676412757e-56,0.19732693713848615,16.034346483822233
ENSG00000259560,NA,1.2554833724433814,3.1827968245407585,7.4571349353322e-58,7.113363201656475e-56,0.19850926639170857,16.033492452993617
ENSG00000282051,NA,1.9623742979901238,-2.6217756242350454,1.337946257305625e-57,1.2725355513929057e-55,0.16389033638570796,-15.997133705704426
ENSG00000251365,LINC02236,1.4316839657337586,3.2741805748324935,1.991992214654973e-57,1.8890822961602615e-55,0.20499077512837285,15.972331305065214
ENSG00000202356,RNA5SP277,1.3729219703666475,3.779598176257009,2.6386883406494714e-57,2.495094603042035e-55,0.23689429247203267,15.954787837293386
ENSG00000265112,MIR3153,0.8274762490768536,2.7441962840537433,2.8268393450303724e-57,2.6652588468158828e-55,0.17204467079045738,15.95048699529932
ENSG00000207370,NA,0.9224688654907491,2.5172601990808476,3.4439237619355937e-57,3.2376864776948262e-55,0.157939283799274,15.938151285275227
ENSG00000201347,RNA5SP69,1.4507190345601686,2.917901401530248,5.309296244466852e-57,4.976967960807428e-55,0.18338806066741176,15.911076167723289
ENSG00000205494,OR52A4P,1.1580094605199622,-3.4539878318715678,8.24173253360512e-57,7.70365160497435e-55,0.21745729685783247,-15.88352233647827
ENSG00000237864,NA,1.1752054321908925,2.743079019888432,8.432661851614801e-57,7.859530793963502e-55,0.1727152850293744,15.882086055220332
ENSG00000229370,NA,5.293879865640955,5.71065519644226,1.3057455623790916e-56,1.2135226186590599e-54,0.36018826967935885,15.854639579256453
ENSG00000232234,LOC105374910,0.9216101622087387,3.1686453051380328,2.213784787671112e-56,2.051566711491907e-54,0.2002754316882212,15.821437898937207
ENSG00000262619,NA,1.3014335090813678,2.928787351115817,3.1290521433418627e-56,2.891528639733639e-54,0.18537052802080703,15.799638606990824
ENSG00000229567,NA,1.1984154464852668,2.377011496516447,4.351178110519904e-56,4.0094935291498984e-54,0.15064552547485746,15.77883902640817
ENSG00000234961,NA,1.5997278636755388,-2.5746351468125828,1.0721431718327283e-55,9.851602568749996e-54,0.16376199313637402,-15.721811254877291
ENSG00000238610,RNU7-26P,1.320859223236174,3.712196814592063,1.110324979737458e-55,1.0173704490394376e-53,0.23615093118162894,15.719594227375415
ENSG00000254163,NA,1.4654482484164946,3.364715804557266,1.807311634672354e-55,1.6513548554107398e-53,0.21446753003434693,15.68869564552922
ENSG00000233655,IGHD4-4,5.114631578101679,5.659244051139962,2.8868208622313268e-55,2.6303223811389525e-53,0.3614066561364917,15.658936975977129
ENSG00000229466,NA,2.6184444707028853,4.694155856273011,4.10685120320854e-55,3.7314987692169657e-53,0.3002050127387201,15.636500581549297
ENSG00000244128,LINC01322,1.07958313376992,3.389622657393842,7.045831998300382e-55,6.384034073557516e-53,0.2172545084614452,15.602082006944299
ENSG00000199990,VTRNA1-1,0.7608757236397039,2.610636605372858,1.2996615668676938e-54,1.1743164290853429e-52,0.16774689000343407,15.562950856015355
ENSG00000252507,RNU7-81P,1.576929909107547,3.9675172299093324,2.1650065107849978e-54,1.950784813928377e-52,0.25547011198211367,15.53025987708148
ENSG00000241134,NA,0.6695308389794582,-2.6521294778056395,2.305431646795224e-54,2.0715768123468242e-52,0.17081606995792378,-15.526229343989266
ENSG00000211513,NA,1.2675928573499629,3.1587512941532765,2.377385242949407e-54,2.1303467543432038e-52,0.20347196738242604,15.524257885688971
ENSG00000207336,RNU6-658P,0.865372016226031,2.353051784759574,4.7768311197197867e-54,4.268702270940803e-52,0.15201152217966812,15.479430447242109
ENSG00000207031,SNORD59A,1.0913281378853537,2.8051661536736976,4.921948128992625e-54,4.386332294243072e-52,0.1812414960693851,15.477504956148614
ENSG00000274978,RNU11,1.2541961418624188,3.623036462510535,7.906055920598493e-54,7.0264531963177e-52,0.23454657129807518,15.446981136663785
ENSG00000229307,LINC00459,3.939385622368272,5.280222088838362,9.730817037258339e-54,8.624632604576002e-52,0.3421253964602211,15.43358705161864
ENSG00000207757,MIR93,1.1914414724249909,2.3028969615490285,1.285066115831051e-53,1.1358867015150117e-51,0.14938712189144024,15.415632434652204
ENSG00000234405,NA,0.6943566254669925,2.7495697445821965,1.7640629107102236e-53,1.555052530069977e-51,0.17859970041654996,15.395153173097974
ENSG00000235284,SNORD62A,0.7162966068657217,2.3931683837608073,1.9649421618482048e-53,1.727449692989146e-51,0.155519953579623,15.388175785016259
ENSG00000207631,MIR641,1.089282378668353,2.175622057823342,6.909084769657352e-53,6.057647153299577e-51,0.14213628382110574,15.306591669172969
ENSG00000250447,LINC02105,1.057013918094278,3.0341224713861688,9.190922969046886e-53,8.036622105837556e-51,0.19846412353859388,15.288014867816374
ENSG00000254662,NA,0.6354514747288706,2.3677213881561987,1.1043920403258515e-52,9.605257830940988e-51,0.15499568218354268,15.276047402097253
ENSG00000267042,NA,0.7654211032133293,2.5247966898036807,1.104131066573423e-52,9.605257830940988e-51,0.16527797257874258,15.276062807467003
ENSG00000176922,OR51S1,0.9118786533574689,-2.997209134470039,1.206432733975158e-52,1.0464758392198384e-50,0.19627721347055227,-15.27028574266831
ENSG00000124205,EDN3,1.1479187138849616,-2.6702831710313926,1.2144055694010517e-52,1.050590009613761e-50,0.1748728432032805,-15.269856211620741
ENSG00000256393,NA,4.026047231268305,3.1203083026268787,1.3657218587315085e-52,1.1783607591729048e-50,0.20444686775656573,15.262196661981735
ENSG00000186103,ARGFX,1.0776914738769272,2.639071495750248,1.4384437914545507e-52,1.2378227420220536e-50,0.17295393482932755,15.258811534727478
ENSG00000261097,LINC00563,0.6125339995607999,-2.691439927265455,2.32948479396731e-52,1.9993003002155317e-50,0.17675073708069736,-15.227319397466788
ENSG00000184991,TTTY13,4.513201701583219,5.478627902538243,3.715922812962628e-52,3.1808299278960097e-50,0.3605130746557592,15.196752316873901
ENSG00000231171,LINC01098,4.255977724248094,5.396236635323668,5.9359261966099405e-52,5.067816465179216e-50,0.35581073064974156,15.166031180312261
ENSG00000235884,NA,1.0487950965319186,-3.6714750995423966,6.710886274954607e-52,5.714442637479673e-50,0.2422141235536681,-15.157972812138253
ENSG00000270926,NA,0.5931035924793585,2.283823578897017,9.288151403437848e-52,7.888380909948469e-50,0.15088079775016713,15.136608587387238
ENSG00000271602,KRT8P49,2.066865243486634,-3.0967458023676144,1.0346354912467257e-51,8.764224807102471e-50,0.20468249715115358,-15.129509584206094
ENSG00000238724,LOC124902825,1.2180337276690199,3.5792461169774374,1.2134478050514305e-51,1.0252215637068292e-49,0.2367380551376242,15.119014621019401
ENSG00000227212,NA,1.1504963099871983,2.380503311798702,1.283991649403557e-51,1.0820124448652566e-49,0.1574897257288537,15.115292764539813
ENSG00000226032,NA,1.2854519209518154,-3.9714778356175824,1.294349167540478e-51,1.0879222150324722e-49,0.2627548774374402,-15.114763517808186
ENSG00000266563,EIF1P5,0.8411295476104541,2.3503562840445484,1.535241971330655e-51,1.2870708980268957e-49,0.15561650022629858,15.103515890838338
ENSG00000254166,PCAT2,1.345262518470388,3.1977910757227694,1.552522411828901e-51,1.2982120568629946e-49,0.2117352897915418,15.102777996389111
ENSG00000256020,LOC105369595,1.9996858417397225,-2.8970305943857886,2.122112639409247e-51,1.7699507675565126e-49,0.19208326912543294,-15.082159979763718
ENSG00000249955,NA,0.8294769778634276,2.718044961993656,2.452211093355011e-51,2.0400389372033708e-49,0.18033004909029196,15.072612555174986
ENSG00000253944,MTUS1-DT,0.8641868603937282,2.472201839056875,3.061989446838064e-51,2.5408263450701158e-49,0.16417933158341158,15.057935826720485
ENSG00000238364,RNU7-140P,0.6670702520752653,2.3332970050505897,3.1875803598124624e-51,2.6383107873786204e-49,0.15498199703466528,15.05527770769849
ENSG00000280870,MIR325HG,0.9602342297889377,3.212870324078098,5.1985863308581017e-51,4.2918684307145265e-49,0.21386491036311264,15.022896082499436
ENSG00000202358,RNU6-652P,0.8255044000566587,2.531960437929629,5.387437999380568e-51,4.425317758683109e-49,0.16856663941325428,15.020531030000132
ENSG00000204805,NA,0.8816815554405971,2.632100180431289,5.376286010997936e-51,4.425317758683109e-49,0.17523189473640544,15.020668379981027
ENSG00000266589,MIR4512,0.6540589489130687,2.346801682670116,5.46780103619451e-51,4.480015922048742e-49,0.15624980457680004,15.019549554166732
ENSG00000258959,NA,0.7915069113756243,-2.763567418673876,5.503394058944545e-51,4.4978492952097526e-49,0.18400329196280524,-15.019119436365893
ENSG00000260281,NA,0.8333775981484425,2.277855484354008,5.616235144396106e-51,4.57856884152673e-49,0.1516773057066034,15.017773909830465
ENSG00000207185,RNU6-1157P,1.5828248034350239,2.317130405527473,6.233214413165843e-51,5.068849960786463e-49,0.15436357826990676,15.010862222148932
ENSG00000201129,SNORA58B,0.8406512111710632,3.064730607519129,6.619651991002365e-51,5.36967680706546e-49,0.20422181155236951,15.006872107454726
ENSG00000252562,RNU6-922P,0.8998387960831522,3.1460024554750565,6.928119004644909e-51,5.605916790624119e-49,0.20967967747086672,15.00385012711672
ENSG00000236206,NA,0.596779989438494,2.391306149399365,7.267232363385591e-51,5.865720454496439e-49,0.15941319636082493,15.000678764302211
ENSG00000207342,NA,0.7991623662266654,2.578145329245028,1.0708949711411702e-50,8.622294955762372e-49,0.1721641629560714,14.974924426652342
ENSG00000228933,NA,0.8674651781915602,3.0848716675678896,1.1587678392322185e-50,9.306765499887803e-49,0.20607465139180625,14.969680388795977
ENSG00000229337,NA,1.349454231294494,2.605400969646415,1.296277643132088e-50,1.0385546595024768e-48,0.174131973452877,14.962220423875685
ENSG00000265345,MIR5188,0.7246388012578941,2.3675487190335396,1.5356588901843935e-50,1.2273197144942986e-48,0.15835450504984872,14.950940096641105
ENSG00000207721,MIR186,2.673434439912065,2.8115191580583163,4.0288565385023293e-50,3.212025624617739e-48,0.18886272696784479,14.886575044195975
ENSG00000199477,SNORA31,1.009355896082073,2.7377780012950503,4.513973252862119e-50,3.5899883122029094e-48,0.184003197603665,14.878969696994652
ENSG00000200376,RNU5E-10P,1.0625853555000853,2.3269374838958843,5.38255955266074e-50,4.270338954364599e-48,0.1565149495691521,14.8671899412892
ENSG00000265396,MIR3128,0.8514092864859826,3.085348415140147,6.128983431398048e-50,4.8506952081877306e-48,0.20764883385849614,14.858491414609537
ENSG00000149609,C20orf144,1.3391882563144593,2.6164547621932193,6.604183911228726e-50,5.21409937535068e-48,0.17615087312218142,14.853487330593014
ENSG00000211599,IGKV5-2,280.00470345703235,-2.781043483556497,6.94114977594997e-50,5.46686973152786e-48,0.1872737434431827,-14.850151614554779
ENSG00000226616,OR52M2P,1.053952592499846,-2.9248668729672995,7.214534881725378e-50,5.668463541854181e-48,0.1969930776537166,-14.84756169000397
ENSG00000228031,NA,0.7852497922674287,2.908466517563425,1.1641312528893531e-49,9.124544914213223e-48,0.19631311922638098,14.81544651231123
ENSG00000176893,OR51G2,2.132744812951185,-3.652905425257222,1.181902300008002e-49,9.241566830447185e-48,0.24657754631811452,-14.814428482245246
ENSG00000264701,NA,1.0464241867122082,-2.399066386579285,1.3899971547994334e-49,1.0842644472737643e-47,0.16206046461107543,-14.803526525341885
ENSG00000268564,NA,1.0891645962526026,2.6665487830732513,1.8812705966644492e-49,1.463970573404335e-47,0.1803774490108873,14.783160520871446
ENSG00000250344,NA,0.94313128947379,2.844691412552871,2.8661233637221367e-49,2.2250420232733573e-47,0.19279791767569393,14.754782867198475
ENSG00000087250,MT3,2.1394246606424505,-3.397062650971262,3.778472071875623e-49,2.926336656046911e-47,0.2305261690841085,-14.73612590044746
ENSG00000275110,NA,0.7605307437735371,2.765712173146548,4.3087231202117355e-49,3.329077093925115e-47,0.18779553308379401,14.727252175441746
ENSG00000222108,RNA5SP317,1.2013844002819745,2.3191582298225155,5.763417714576431e-49,4.442475152126592e-47,0.15768458617744824,14.707577234040377
ENSG00000251026,NA,0.7827254652774747,2.965740542201636,5.871449642018255e-49,4.515047611242786e-47,0.20166435173691738,14.706320262644203
ENSG00000161634,DCD,0.8167685765322242,-2.774966148172542,6.839028559111438e-49,5.246696249310775e-47,0.1888247001647251,-14.69599128584207
ENSG00000281896,NA,1.7805928648100142,-2.7374324849815146,6.97453395687227e-49,5.338062130568028e-47,0.18628753985922858,-14.694662278808895
ENSG00000264931,MIR3138,1.005115800006384,2.40035323340531,7.715407810586604e-49,5.891239090675142e-47,0.16342472262115249,14.687821982539049
ENSG00000184933,OR6A2,1.1566825807294046,2.5256676907817015,9.76658969801231e-49,7.439991327797294e-47,0.17214394030903915,14.671836175281742
ENSG00000249774,NA,1.134930007264884,2.2681055930289613,1.0224362407860233e-48,7.770515429973776e-47,0.15462183050999562,14.668728119101774
ENSG00000280904,NA,0.7347947702771311,2.8766659915524393,1.0565092291699163e-48,8.010753428074368e-47,0.19613850136577876,14.666503371450483
ENSG00000160472,TMEM190,0.9074894604702954,2.358746509224328,1.2870907645979636e-48,9.736392649033153e-47,0.16097253820888677,14.653098817162773
ENSG00000274628,NA,0.8040017997998368,2.465935846717994,1.4612137245548068e-48,1.1027925761558876e-46,0.1683867476703511,14.644476960535691
ENSG00000207151,NA,0.8275702672559565,2.4334699953442627,1.8748868314025186e-48,1.4117203437930815e-46,0.16636240721505957,14.627523345454323
ENSG00000272006,NA,1.2049003561069223,2.6334242067112865,1.9263617320825162e-48,1.447129201412935e-46,0.18005482021179542,14.625680132382096
ENSG00000171999,OR52P2P,1.021621517696885,-2.7155681372147806,1.963697654006272e-48,1.4717778177307838e-46,0.1856878253962069,-14.624373630422474
ENSG00000115507,OTX1,81.52834840396928,-2.3107213313957393,2.142885177875475e-48,1.6023854957685852e-46,0.15806906166753198,-14.61842885014336
ENSG00000231261,NA,0.8335992662452891,2.5028298543549736,2.4488450753851952e-48,1.8269732250488447e-46,0.17131712530465013,14.60933838286299
ENSG00000252684,RNU6ATAC36P,1.4479005829316545,3.839447003146318,2.464485493654928e-48,1.8344344196248855e-46,0.2628155297858402,14.608904604210254
ENSG00000265056,MIR548S,1.1814385191363435,3.532384193066685,3.6337759482004936e-48,2.698617900526613e-46,0.24223572303737964,14.582424709181309
ENSG00000228629,NA,0.6856129306690619,2.2119416925687334,4.354561402035947e-48,3.2265415326976144e-46,0.1518140933628299,14.570068190456318
ENSG00000283415,NA,1.7663724686652058,2.4657027415752673,4.419374236838524e-48,3.267122844906443e-46,0.16924241751803043,14.56905885495627
ENSG00000201806,LOC124900516,1.1394852110583669,2.409085248645067,4.5553256660753276e-48,3.359991684038509e-46,0.16537977057993997,14.56698869636285
ENSG00000180723,OR51A9P,1.1462169522105594,-3.331734372878704,4.88476301085264e-48,3.594831927986757e-46,0.22879307408250021,-14.562216912550936
ENSG00000207005,RNU1-2,1.2699483328365944,2.7086999921673898,5.2092666136740684e-48,3.824989264324833e-46,0.18606494598254392,14.557820001310255
ENSG00000249453,NA,1.2694671649069333,3.262609362670723,5.988503923585404e-48,4.387253505098785e-46,0.22426074341730987,14.548285682793711
ENSG00000264468,MIR4520-1,0.7448542259973295,2.8816341100549967,7.123874553289776e-48,5.207312167851906e-46,0.19823570452000822,14.536403101713441
ENSG00000164107,HAND2,0.72982834641052,-2.5322308577616237,9.906301437870195e-48,7.224936618184792e-46,0.17447045193559926,-14.513809242016086
ENSG00000223446,LOC101927993,1.0054116785861835,2.441745910024608,1.0031480196657615e-47,7.299865499706464e-46,0.16824603078396308,14.512948083511942
ENSG00000261790,NA,1.8413498204648524,2.9757493321166684,1.0868944228032777e-47,7.891629862710942e-46,0.2051187301843256,14.507448098194514
ENSG00000225598,NA,2.715178218193893,4.740891441939147,1.4060968686817234e-47,1.0186529831732539e-45,0.32718883283475814,14.489771551382574
ENSG00000251768,RNA5SP217,0.657509713769082,2.240756932340408,2.0531734567478645e-47,1.48412502669099e-45,0.15492232581259854,14.463744464118975
ENSG00000238405,RNA5SP311,0.8167897607798823,2.35994512252115,2.2142556612448055e-47,1.5970134844561204e-45,0.16322146763338188,14.458546150448266
ENSG00000176951,OR51N1P,1.002760467572992,-3.3906993575656004,2.235695443354015e-47,1.6089093225977744e-45,0.23452253694368555,-14.457882819081853
ENSG00000257495,KRT73-AS1,1.7237653660579988,-2.8572016718087356,2.600026503690039e-47,1.8669682585436996e-45,0.19776462145569945,-14.447486364232073
ENSG00000279115,NA,0.814279567997393,2.9628950065573463,2.629422026613027e-47,1.883917173605034e-45,0.20509130623684116,14.446711861768389
ENSG00000210100,NA,0.7601068602240979,-2.5118419802557295,2.660672521707113e-47,1.902117709584373e-45,0.17387925633009646,-14.445897879199515
ENSG00000232109,VN1R54P,0.8995341378453938,2.787765315365625,3.0247648624249274e-47,2.1576656018631146e-45,0.1930978696701939,14.437058886910846
ENSG00000162009,SSTR5,0.9108788988902206,-3.0898057113572635,4.130305602054476e-47,2.939837650407615e-45,0.21433812601447877,-14.41556744388324
ENSG00000182070,OR52A1,1.260748003798314,-2.7876475479370364,5.022425018064845e-47,3.567018362174962e-45,0.19355895174202928,-14.402059542316318
ENSG00000279341,NA,0.9189464037063467,2.867798092710726,1.1378793393190036e-46,8.06382116543977e-45,0.19991018055843193,14.345432957440076
ENSG00000226744,NA,0.6486221450226186,2.3015778413377674,1.726948857077347e-46,1.2211780961524336e-44,0.1607644340773307,14.316461564071226
ENSG00000253363,LOC124906685,3.4911671875333288,5.112285486199353,1.7955426882150314e-46,1.2669286889860855e-44,0.3571589677513852,14.313753672168644
ENSG00000211885,TRAJ4,0.5701597222003023,-2.375644818243946,2.104279811857952e-46,1.4815587385306374e-44,0.16609743898305582,-14.302717927434713
ENSG00000207956,MIR579,0.730503515608429,2.5014280886241584,2.9132295605955834e-46,2.0466853379493118e-44,0.1751692174128764,14.280066586860727
ENSG00000213761,NA,0.8334927507210331,2.323701454505674,3.847354981661521e-46,2.697128509557887e-44,0.16294474511468557,14.260671326775102
ENSG00000200579,NA,1.513427255770064,2.283011968690778,4.150989212157197e-46,2.9037285396354685e-44,0.16015101936752618,14.2553695737119
ENSG00000184471,C1QTNF8,0.927039114280496,-2.88176926082418,4.8068821539003874e-46,3.355327525795532e-44,0.2022986315210324,-14.245124839238326
ENSG00000178597,PSAPL1,0.7701683378353482,-2.6387012100908542,6.8108007542487914e-46,4.743934195593248e-44,0.1855527398222133,-14.220761238120852
ENSG00000205495,OR52J3,0.8302228519063607,-3.006555006685771,7.29558457848365e-46,5.070743059164875e-44,0.21149168733172308,-14.215948837601418
ENSG00000207187,SNORA10B,0.8586236670600537,2.461684469836111,1.0578073054220315e-45,7.336536467114679e-44,0.17348121978800785,14.189919075069119
ENSG00000201512,SNORA71C,0.8751574091480387,-3.4444057807643285,1.1257944878485299e-45,7.791455978880208e-44,0.2428108713776316,-14.185550100050571
ENSG00000221520,MIR1285-1,0.6184320341905396,2.3405591111687416,1.1388094878817267e-45,7.864797244547092e-44,0.16500538547099203,14.184743755410409
ENSG00000264675,MIR4285,0.8120120249959893,2.205748309916741,1.1708811537890956e-45,8.0691572395024795e-44,0.15552281978858723,14.182795250980949
ENSG00000223198,RNU2-22P,0.7874235578417274,2.2759825272222742,1.1821368963640642e-45,8.12950295241655e-44,0.16048248699489867,14.182123980260986
ENSG00000265706,SNORD53B,0.6769802279447013,2.5008166085241874,1.2999921017644954e-45,8.92112723337458e-44,0.17641879854423015,14.17545425521762
ENSG00000171405,XAGE5,0.8716042580709018,3.0106756525677145,2.3123292464592827e-45,1.583483067975317e-43,0.21299484039572789,14.134969875205018
ENSG00000225805,DEFB131B,0.6014050205367488,2.251071575449054,2.711592080385444e-45,1.852997209890288e-43,0.15938197562284123,14.123752492414518
ENSG00000200095,RNU6-181P,0.9352091364081306,2.17575542321577,3.883422042536697e-45,2.6482170272459887e-43,0.15432613770064718,14.098424645578659
ENSG00000271848,SYNPO2L-AS1,0.7156148623703669,2.2324657807797554,3.927162974540653e-45,2.6724426199970368e-43,0.15835747783103388,14.09763410832912
ENSG00000224077,NA,0.8251448344923984,2.318378513691008,5.469863999003687e-45,3.714483009594821e-43,0.16472508812613332,14.074228401175775
ENSG00000252933,RNU6-1223P,2.8991120770553707,2.090117444212386,7.008019150207665e-45,4.749100977457394e-43,0.14869191767445908,14.056698419805283
ENSG00000251578,TRBV21-1,1.4817224830729858,-2.8186902397990465,8.001066604327584e-45,5.410783669554421e-43,0.20065687133681556,-14.047314806716448
ENSG00000232249,NA,0.6698133755361118,2.3432748623062705,9.108073937945164e-45,6.146627158785898e-43,0.1669221170286176,14.038132897059608
ENSG00000199667,NA,0.6903053755637234,2.3626594483927237,1.3467493692913957e-44,9.069785400478367e-43,0.1686363100046795,14.010383934083723
ENSG00000217746,NA,0.7213220014133584,2.514071171982074,1.608856554622438e-44,1.0812579753875756e-42,0.17960538678401997,13.997749271325075
ENSG00000201749,NA,0.6963398204390361,2.240558938822921,1.9428543721572574e-44,1.3030343714954901e-42,0.1602192026448786,13.98433459807597
ENSG00000233491,NA,1.6637273562278503,3.5871822277232033,2.2395345717120862e-44,1.4989214104660644e-42,0.25669999506007657,13.974220088643477
ENSG00000222578,RNA5SP345,0.6069030136033287,2.2587994489779493,3.205128510869294e-44,2.1407889158430468e-42,0.16193651032049797,13.948673121999652
ENSG00000230199,NA,0.7615021749569998,2.363660492744166,3.506762906004827e-44,2.337458684559939e-42,0.1695321361886167,13.942256293605734
ENSG00000264490,NA,0.9746807453514156,-2.6770125664210456,3.7618301634374206e-44,2.502347884586757e-42,0.1920761648717967,-13.937244989287693
ENSG00000207231,NA,0.7945553922417655,2.1850254537267038,4.946018178977134e-44,3.283348557668739e-42,0.15699622090024506,13.917694586515317
ENSG00000250137,NA,0.6097741252426204,2.3588850763107425,5.543739136177714e-44,3.6726424973846985e-42,0.16958760958011954,13.90953668225577
ENSG00000236796,NA,1.311801170554713,2.472329043516511,6.610408410066666e-44,4.370393592736758e-42,0.17790451270740418,13.896943961071402
ENSG00000265520,MIR548V,1.0470862932072158,3.356562626104756,7.451690436661372e-44,4.916604189122132e-42,0.24168162487630873,13.888365024948113
ENSG00000227470,RPL39P16,0.724800047616216,2.325758107670762,1.0460757013475655e-43,6.888006156565507e-42,0.16775464387018413,13.864046049720896
ENSG00000255201,NA,0.9563922433099633,-2.5657484075441914,1.1068521219954864e-43,7.273471883690744e-42,0.18511902761017782,-13.859992895744483
ENSG00000207277,RNA5SP284,0.89229944336788,2.1969001202336624,1.1472633892169864e-43,7.523827323477848e-42,0.15853602849998136,13.857418663883843
ENSG00000236719,OVAAL,1.7285447472224942,3.490198984752838,1.1691669492036263e-43,7.652044773379387e-42,0.2518896983541386,13.856060837572928
ENSG00000251175,GSTCD-AS1,0.9059574571206751,2.106925198032335,1.2576985597328507e-43,8.214943524295215e-42,0.15211556790486377,13.85081899934167
ENSG00000176895,OR51A7,0.9643967844685987,-2.753204619846624,1.356805694039327e-43,8.844524171485216e-42,0.19885381520590031,-13.845369861251383
ENSG00000233893,EZR-AS1,2.1657057241152113,2.604973836359117,1.5393020956566138e-43,1.0014083713503666e-41,0.1882709980650322,13.836299074907501
ENSG00000262980,OR52L2P,0.9231051822696076,-2.5080095471552464,1.699391467407644e-43,1.1033494142083003e-41,0.18135630348301038,-13.829183210001846
ENSG00000225476,MTCO3P5,1.2488788190729985,-2.918041268326915,2.086070883505264e-43,1.3517074441963991e-41,0.21123143486345497,-13.814427148180886
ENSG00000237899,NA,0.8313567330681925,2.2263771450056478,2.3134969404730546e-43,1.4960920174892153e-41,0.1612501962613232,13.806973241741458
ENSG00000260541,NA,0.7512796244944774,2.147906585354149,2.3615136443446644e-43,1.5241134091913344e-41,0.15558347566657765,13.805493007221466
ENSG00000225091,SNORA71A,0.7780434219061517,-3.18664595451413,3.918921459933415e-43,2.5242510346280025e-41,0.2314371845303345,-13.768945387842185
ENSG00000176289,NA,1.2269594933104968,2.3325719883622966,4.669924335829761e-43,3.002041478179258e-41,0.16956424974349807,13.75627227962738
ENSG00000273682,BLVRBP1,1.7974670294482034,1.9566266798592884,6.046869722037794e-43,3.879538033894386e-41,0.14242884233961106,13.737573427675951
ENSG00000211928,IGHD5-5,4.159569954272627,5.3613317560754785,6.0804813828610394e-43,3.893423197277636e-41,0.3902791452394931,13.737172025385883
ENSG00000207399,RNU6-1011P,1.4614364622982599,1.9670065414761984,7.34264447345787e-43,4.692368161741407e-41,0.14333119015049225,13.723506652047728
ENSG00000254693,CD82-AS1,1.3286519316074432,-2.8229640249860033,7.482695198605212e-43,4.772492341573143e-41,0.20572335204250428,-13.722137020219046
ENSG00000269085,NA,0.9351146332796558,-3.5108513734859956,1.0891448910539154e-42,6.933014680274317e-41,0.25636201129280456,-13.694897133086021
ENSG00000281909,NA,0.6018326971580856,2.4595303397565402,1.2299096613858193e-42,7.813769817491783e-41,0.1797105487776526,13.686065489675853
ENSG00000248126,NA,1.6084255886937586,2.0814323702949036,1.7601422164320947e-42,1.116060546122869e-40,0.1523743990661532,13.659987393231667
ENSG00000176900,OR51T1,0.8924481915716106,-3.0856026170796147,1.8301127960057564e-42,1.1581694363516585e-40,0.2259331551987738,-13.657148347107052
ENSG00000232543,IGHD4-11,3.720007000827522,5.200835535852137,2.0832928952653913e-42,1.3158320640231582e-40,0.38107758855634666,13.64770769006568
ENSG00000253567,NA,0.5777547336791318,2.20079148988338,2.1985224465535612e-42,1.3859212818119037e-40,0.16130360918583708,13.643783303992032
ENSG00000284373,TAF11L2,0.7715428905964115,-2.673211626399905,3.259098564376798e-42,2.0505214333084817e-40,0.19634236122662774,-13.615052858177439
ENSG00000211867,TRAJ22,0.5535164040071714,-2.498158323855234,3.744216239819707e-42,2.3511943214064755e-40,0.18362179957844474,-13.604911451638399
ENSG00000229869,LARP4B-DT,1.004494487147387,2.4439217179071617,4.321224898372609e-42,2.7083006453615455e-40,0.17977377330803643,13.594428558383667
ENSG00000206881,RNU6-190P,0.9449928563081975,2.33526476445257,4.7289771566495803e-42,2.9581570952211065e-40,0.17186444505067314,13.587829430130428
ENSG00000214719,NA,1.6380203060520253,2.3924730440291513,7.127616926421633e-42,4.4500407559048536e-40,0.17646516786902713,13.55776368175305
ENSG00000242021,NA,0.7375913827477608,2.8353515071388546,7.239101303292523e-42,4.51098634470305e-40,0.20914877430124096,13.556625022602542
ENSG00000207752,MIR199A1,0.6366223536755635,2.3384054292398053,9.084361619421054e-42,5.650021314656368e-40,0.1727040672282903,13.539955756506677
ENSG00000199875,NA,0.7277123128231868,2.1156588659122075,1.4726214967056734e-41,9.14149466504621e-40,0.15666413894055414,13.504423413165341
ENSG00000257523,NA,3.338222767677416,5.045488809444865,1.6127019888228524e-41,9.99199434141519e-40,0.37380278263470107,13.497729401269789
ENSG00000279270,OR52R1,1.078118492678305,-3.0501579375898977,1.6227193203477572e-41,1.0034945637314039e-39,0.225983271875402,-13.497273104673125
ENSG00000283891,MIR628,1.1540765237723494,2.2198150075576373,1.878345414345941e-41,1.1593703916099577e-39,0.1645954702968677,13.486489048294795
ENSG00000279375,NA,0.7606736029545721,2.3539528542945716,2.2894258620583578e-41,1.4104250841104976e-39,0.17473075888856063,13.471885941935788
ENSG00000267595,NA,1.7048370420902315,2.35087798591619,2.310494224054449e-41,1.4207137262768075e-39,0.17451127606457664,13.4712096486319
ENSG00000234818,NA,0.8206526756780063,2.1887076642929846,2.3993811564031597e-41,1.4698129991616193e-39,0.16250661071723485,13.468422328377674
ENSG00000254941,NA,0.7452108093989608,-3.2293595361453837,2.395512747231719e-41,1.4698129991616193e-39,0.23977054536682002,-13.468541480793036
ENSG00000255753,NA,1.564227972648921,2.150758477082757,2.5462763859556846e-41,1.55686613312719e-39,0.15974102050248046,13.46403366096788
ENSG00000227071,FOCAD-AS1,1.2738533447200446,2.3218296580628897,2.9265552140598677e-41,1.7860222889857292e-39,0.17257865347140902,13.453747675969355
ENSG00000257725,NA,0.6995036968701601,2.4881005920609605,3.3391700009089427e-41,2.034017261976893e-39,0.18507153688138048,13.443993787416812
ENSG00000205105,NA,1.3149794533894261,1.9759866271488011,3.803103734343053e-41,2.3122870704805763e-39,0.1470844693656985,13.434366222825835
ENSG00000212432,NA,0.6784637133381929,2.628675818951871,4.290985256971659e-41,2.604051649977129e-39,0.19579828924197057,13.42542791935895
ENSG00000225767,FAF1-AS1,0.6924868140394033,2.1286525295453633,1.0055926409116863e-40,6.091232294892986e-39,0.15930414700879533,13.362191565721377
ENSG00000197790,OR52M1,1.4958953927203367,-2.895926509046294,1.5300856565207942e-40,9.251045768644683e-39,0.21723388227622803,-13.330915411086385
ENSG00000238713,NA,0.8560837084691505,2.2214817976005894,1.6955760474302703e-40,1.0232596970466018e-38,0.16673720404458298,13.323252062008903
ENSG00000211806,TRAV25,1.5804121007833014,-2.684563529783108,1.7049092336279542e-40,1.026986806508335e-38,0.201500810709628,-13.322842326682686
ENSG00000224549,NA,0.9052862950019404,2.616844019939732,1.720640779907195e-40,1.0345471957268251e-38,0.19642795644555563,13.322156719911955
ENSG00000264449,LOC121725015,0.8268072674701352,3.030588334112159,2.1305300138440144e-40,1.2786324776811459e-38,0.22775766050890142,13.306197154205995
ENSG00000206869,SNORA70F,1.086702708469844,2.3244089171250315,2.8919378863487333e-40,1.7323932885294953e-38,0.17498675720085674,13.283341861447164
ENSG00000178372,CALML5,1.4268043109554234,-3.0601135282851057,3.1315425332336047e-40,1.8724782264893879e-38,0.23047567892656773,-13.277381555127533
ENSG00000251039,IGKV2D-40,154.95558296887518,-2.598318415215902,3.2036104702642397e-40,1.912055805078077e-38,0.19572021409839838,-13.275677360078898
ENSG00000235269,LINC02331,0.6305213568247688,2.622488748929819,3.508083864624027e-40,2.0899441748807756e-38,0.19764213444078835,13.268874859856824
ENSG00000132693,CRP,1.6475848076805812,-3.2205192616625062,3.948689684362632e-40,2.3481348821379835e-38,0.242874662542348,-13.260005090489715
ENSG00000254964,NA,0.9555782971856718,2.4120577026482426,4.951712068744934e-40,2.93922062357911e-38,0.18213804374123066,13.243019706937943
ENSG00000231724,NA,0.9415971440038652,2.4936785284321425,5.317774035908944e-40,3.150756900547288e-38,0.18837754683079316,13.237663248009305
ENSG00000176571,CNBD1,0.60779125841796,2.516987229456693,5.895472170166531e-40,3.4866894318395806e-38,0.19024970329165874,13.229914086110679
ENSG00000225218,NA,1.5564605533230502,2.1760622725444922,6.492347808478892e-40,3.8327239476261595e-38,0.16457064509187555,13.222663563903835
ENSG00000263593,MIR4804,0.7624900585086404,2.9021674914401037,6.964085839637988e-40,4.1037642063721824e-38,0.21957194298910915,13.217387667713322
ENSG00000243967,NA,0.630124092865652,2.320015062386111,1.2271534616254222e-39,7.218236491817673e-38,0.17609624359117346,13.174699329602271
ENSG00000229487,NA,1.7259032269562622,2.1135920050150885,1.2342005337394184e-39,7.246583928064225e-38,0.16043336461038493,13.174267149155549
ENSG00000201555,NA,1.7631170635691098,1.8615863915558866,1.9141071870287488e-39,1.1218392536877682e-37,0.1416613273620138,13.141105100608192
ENSG00000260990,NA,1.4087535228555024,2.604437373090362,2.077564717976526e-39,1.2154500925600798e-37,0.19828371020012692,13.134903368822958
ENSG00000265195,MIR4312,0.741900978658532,2.1505541485028035,2.2664048024189492e-39,1.3235478530176586e-37,0.16381035801755997,13.128316026708584
ENSG00000267959,MIR3188,0.9984356159135424,2.301429982436104,2.6870558464666894e-39,1.5663898310729117e-37,0.17547518693706896,13.115415476157725
ENSG00000189182,KRT77,1.0715647222268323,-2.5992354921021703,2.7516794558716523e-39,1.6011919381143668e-37,0.19820894168420336,-13.11361369480195
ENSG00000169035,KLK7,0.7286700305770093,-2.399223494869143,2.7940304579144903e-39,1.6229325488400454e-37,0.18297285968477814,-13.112455579491273
ENSG00000230290,NA,2.524917000839565,2.5492235392908547,2.841621226823914e-39,1.6476337837099513e-37,0.1944313589881603,13.111174825693046
ENSG00000199400,RNY4P19,0.8193794499109525,2.2919447230045766,4.0304305157698704e-39,2.3327730216541343e-37,0.1751629382847614,13.08464419156166
ENSG00000252128,LOC124900339,0.9195078871210941,3.174001276816455,5.463469778412108e-39,3.156585167889681e-37,0.24300419812817203,13.06150799560399
ENSG00000178358,OR2D3,0.8576082803604976,2.2435531239237205,6.199619775054418e-39,3.575553759627129e-37,0.17189498117921798,13.05188265842729
ENSG00000275538,RNVU1-19,0.7980834864491694,-3.2960876122692224,8.461484963373911e-39,4.871419166170382e-37,0.2529970135473347,-13.02816806433384
ENSG00000278374,LOC124902105,0.7076112913097584,2.0867457335885145,1.1606758708508945e-38,6.670400128451926e-37,0.160469200777056,13.00402646416669
ENSG00000207697,MIR573,1.8019973435342553,2.1418091976148736,1.168968960684028e-38,6.7062120552257605e-37,0.164710434843752,13.003482139104555
ENSG00000215973,MIR933,0.6924391571359887,2.770513863308877,1.2021501285675862e-38,6.884425947543388e-37,0.21309445302301477,13.001342005883439
ENSG00000224092,NA,0.8125671321807975,2.9978467255371024,1.353044980491558e-38,7.73494677072573e-37,0.23074031899103634,12.992296875751311
ENSG00000227080,NA,1.9678945424791991,-2.1790681504972262,1.5286187301899254e-38,8.723317553617176e-37,0.1678406594116052,-12.982957515397825
ENSG00000201121,RNY1P12,1.0355229285122696,2.252547303031074,1.9784153852849731e-38,1.1270384527591875e-36,0.17376487097913204,12.963191526218147
ENSG00000260192,LINC02240,0.7863005103188486,2.610094091355271,2.0575793529700448e-38,1.170086384500168e-36,0.2013933160112148,12.960182309178151
ENSG00000176742,OR51V1,0.9365208063958753,-2.788153957811097,2.084622586003766e-38,1.1833962212483508e-36,0.21514893830974988,-12.959180648137767
ENSG00000264539,MIR548AR,0.7198473672150074,2.406672408176259,2.1009403771864267e-38,1.1905816827372838e-36,0.18572034494800066,12.958582479749845
ENSG00000243779,RPL36AP49,1.1566118144737336,2.4029880114143682,2.5049034914188574e-38,1.4170347959803928e-36,0.18562939276928067,12.945083618309571
ENSG00000258658,NA,0.8369155098665574,2.1969177132242796,2.5780146089907547e-38,1.4558621389106122e-36,0.16973955747382194,12.942874047277394
ENSG00000251271,NA,0.8362662290320548,2.224327901121208,2.769156874089297e-38,1.5610941906477757e-36,0.17193033159164967,12.937379231049185
ENSG00000267324,NA,1.0903840529783422,3.3840246539591847,2.7762719550201347e-38,1.5623974766936842e-36,0.2615735514912223,12.937182045611914
ENSG00000235828,RPL36AP26,0.9179258451840293,2.1509690771505134,2.8506195239766074e-38,1.601467217200537e-36,0.16628866986986182,12.935151137079096
ENSG00000234604,NA,0.9318513289403842,2.2181672568000077,3.2246586509222363e-38,1.8084775275379052e-36,0.17160943103826018,12.925672227801217
ENSG00000204055,NA,1.664907734474045,-2.584727238548758,3.2392887071428423e-38,1.8135556465738792e-36,0.1999738825546124,-12.925324074972016
ENSG00000211866,TRAJ23,0.4577139240182167,-2.317567653013649,3.4396804825978123e-38,1.9224386037447018e-36,0.17936849154265402,-12.920706602823433
ENSG00000250015,NA,1.2413372237763924,2.097850568840025,4.293030320170043e-38,2.3952605532502774e-36,0.162578143045296,12.90364454621395
ENSG00000222389,RNU2-28P,0.8649778479346213,2.2918241553577516,4.482110153533621e-38,2.4964739567490003e-36,0.17765633058466326,12.900323606906696
ENSG00000156755,IGKV1OR-2,0.8284050964505547,2.7985505913008177,4.5174347018466226e-38,2.511848136438751e-36,0.2169466379664022,12.899718647560787
ENSG00000202337,RNU6-8,2.468890119305048,2.2550637438947847,4.806012663314856e-38,2.6677470974796183e-36,0.17487966129038807,12.894945743005794
ENSG00000252612,NA,1.255834767720664,2.154711373408742,5.009467521534869e-38,2.7759447962604128e-36,0.1671387935524958,12.891748992623782
ENSG00000233928,NA,0.8274745571064226,2.637306043698405,5.241048979093513e-38,2.8993340338767653e-36,0.20462849729951071,12.888263748710582
ENSG00000199325,RNU4-39P,1.180418777147201,1.9116767128735557,6.284677035046779e-38,3.4707635754838987e-36,0.14848839708914902,12.874249775393757
ENSG00000250546,LINC02994,1.1403941034037175,3.077047761829415,6.430794477377974e-38,3.5454386908500123e-36,0.23904088086570596,12.872474995430224
ENSG00000283475,MIR1244-4,1.685898038618456,1.9574596609066894,7.35205137499965e-38,4.0464894606766264e-36,0.15218780727718667,12.862131966600176
ENSG00000256982,NA,0.8566707844908028,-2.3748040350239883,7.918691996571161e-38,4.351000224061938e-36,0.18471776113976746,-12.856392478831978
ENSG00000105370,LIM2,1.6786561434144611,-2.430076013291779,8.449077960378045e-38,4.6345970977264256e-36,0.18909068507386448,-12.851378756930933
ENSG00000250882,NA,0.8070958195852362,2.167128949640914,8.871007421358865e-38,4.8578472963293124e-36,0.16867955517652589,12.847608872177652
ENSG00000274584,NA,0.9944584793096793,2.081065431546821,9.395426043664341e-38,5.136376778963255e-36,0.16203681494390032,12.843164266511401
ENSG00000255107,LOC100288097,0.9460615090251514,2.41082009917372,1.0414000454505854e-37,5.6836678990631954e-36,0.18782885958082995,12.835195318514149
ENSG00000227023,OR51A3P,1.3474439233780224,-2.9985557675424226,1.1718942740021745e-37,6.385155267126087e-36,0.23378639303642584,-12.826049149384083
ENSG00000266643,MIR3677,0.664286193973681,2.338746883888795,1.4238198915552824e-37,7.744818299750874e-36,0.18255843767670857,12.810949270011092
ENSG00000200924,RNU6-1048P,0.9753360515504297,2.0945857053034103,1.6992323436861563e-37,9.227484086047294e-36,0.16367503948365558,12.797221322879677
ENSG00000167346,MMP26,1.8953223812293338,-3.2307226583608872,1.7094045836365623e-37,9.267252049421683e-36,0.25246415765595037,-12.796757719420937
ENSG00000235862,NA,0.7963404959584356,2.2832644884467346,3.156780626281542e-37,1.7085484228233943e-35,0.17909329616059164,12.749022645712815
ENSG00000282917,CORIN-AS1,1.0307567696618245,2.022004236816679,3.356701380596687e-37,1.8137339287051334e-35,0.15866031527509508,12.74423433049911
ENSG00000283646,LINC02009,107.93708203909611,-2.3951870327541434,3.5628464733183027e-37,1.9219281937661319e-35,0.1880113850259557,-12.739585065146338
ENSG00000211883,TRAJ6,0.6107436241829644,-2.3488694184550476,3.853405011469295e-37,2.075224473726378e-35,0.1844642481625935,-12.733467009740927
ENSG00000250038,NA,1.0017368228503425,2.9078896508061245,4.0377175662210765e-37,2.170890528827094e-35,0.22843133482769998,12.72981945756029
ENSG00000278449,MIR6892,0.6578471743700426,-2.408898209839209,4.727933712876374e-37,2.5377925381591204e-35,0.18941613852319825,-12.7174919128878
ENSG00000227466,PDE4B-AS1,0.8186324876068987,3.013582962899582,4.974719358385482e-37,2.6658594940619924e-35,0.23703775257971116,12.713514746500868
ENSG00000264257,KIR3DP1,0.5634060521702968,-2.528934874435504,6.24424813002528e-37,3.340672749563525e-35,0.19919565513221552,-12.695733111030615
ENSG00000254650,MTCYBP41,0.7612706136350726,2.526533409930142,6.841237830879033e-37,3.654052285103993e-35,0.1991186428135691,12.688582918354289
ENSG00000283429,MIR1244-3,1.5285151684827916,1.8920943370539995,6.85416674605785e-37,3.654956326488028e-35,0.14911959854694995,12.688435024577123
ENSG00000233153,UBE2E2-DT,0.6570238617014705,2.298206180395126,8.082322435650826e-37,4.302811525153029e-35,0.18131063528074934,12.67551777553745
ENSG00000236854,LOC100271832,0.7234837506389145,2.3892405265407715,9.118748663305734e-37,4.846644714379231e-35,0.18863337830962698,12.66605384450582
ENSG00000258511,NA,0.6080453614496525,-2.3607740906377312,9.576562036728665e-37,5.081670635084992e-35,0.1864425086143132,-12.662209429510405
ENSG00000225822,UBXN7-AS1,0.8450952301589696,2.0284848461111005,9.764140989313184e-37,5.172768372970346e-35,0.16021917954800777,12.660686765677072
ENSG00000171987,C11orf40,1.1506351801039227,-2.6184088812252053,1.0113292670171902e-36,5.349027381713035e-35,0.20685919492795973,-12.657928414238903
ENSG00000267401,LOC105372155,0.7033562032192714,2.4286126156694428,1.2337050712524409e-36,6.514603661964188e-35,0.19210192120425598,12.642312999499753
ENSG00000280382,NA,1.3174740312667725,2.4759078696347796,1.3448843766774231e-36,7.090178120674752e-35,0.19594811403579743,12.635527939720104
ENSG00000259685,NA,0.8072793709634143,2.2391106883064777,1.8092277959234973e-36,9.52274461906141e-35,0.1775356064914134,12.612178100818179
ENSG00000207389,RNU1-4,1.3142639283967426,3.6919181289457392,2.0552841532289075e-36,1.0800368810376398e-34,0.29295994051455426,12.60212615575106
ENSG00000257759,NA,0.6959639779898713,2.1757246935182932,2.2402045211898446e-36,1.1753124623429557e-34,0.1727405837445422,12.595330213401782
ENSG00000272234,NA,0.8426702010545722,-3.3301876911101727,2.4295300376075212e-36,1.2725886161561586e-34,0.2645330817754841,-12.588927134401233
ENSG00000134765,DSC1,1.4028161751103525,-2.4487887779929745,2.491431804579322e-36,1.302914690343347e-34,0.1945499559558018,-12.586940798636288
ENSG00000272507,RNU6-88P,1.2594231961200693,1.9306582254551494,2.8528433947992777e-36,1.4895231130984094e-34,0.15351631719950576,12.576241149311294
ENSG00000265253,MIR4446,0.7691392643540135,2.919739144160579,3.154613562365287e-36,1.6444434287919563e-34,0.23230991895016964,12.568293068824415
ENSG00000265855,MIR4514,0.7302356035173783,2.8461588352762877,3.430602921209601e-36,1.7854504291376947e-34,0.2265750634431233,12.56165966379947
ENSG00000271185,NA,1.113229476712932,2.408910108999544,3.7703528972439475e-36,1.9591380038586444e-34,0.19188101668675325,12.554186706922145
ENSG00000234639,LOC100128052,0.7993614542969859,2.3553045942163866,4.065177016850806e-36,2.1089645614692664e-34,0.1877002117136943,12.5482255598572
ENSG00000201662,RNU6-60P,0.7257742859427122,2.2307197032913493,4.432680357826448e-36,2.2959590235569856e-34,0.17786890786018833,12.541369540790003
ENSG00000229327,EPC1-AS1,1.172129224957504,2.248321719255329,4.766109079276991e-36,2.4647376173405715e-34,0.17935462849819614,12.53562140035846
ENSG00000260037,NA,1.7140109022546175,1.8897650242514836,4.83490579378807e-36,2.496346280322831e-34,0.1507652678516339,12.534485237748367
ENSG00000272516,NA,1.1842968200313089,2.232182097378668,5.05504217633309e-36,2.6058702363195364e-34,0.1781334413746984,12.530954772738824
ENSG00000269877,LOC124904767,0.9534732915269124,-2.316907067914943,5.9311533433456464e-36,3.0526670245624555e-34,0.18508200298661362,-12.51827314664688
ENSG00000250433,CLSTN2-AS1,1.145328686001429,2.872975467558973,6.092017623812574e-36,3.1305078873203065e-34,0.22954149493765022,12.51614863072732
ENSG00000131095,GFAP,39.86052339311283,-2.487242116757898,7.187941847628523e-36,3.6878449908463818e-34,0.1989315039924807,-12.503007652583335
ENSG00000235448,LURAP1L-AS1,0.5004126351276769,2.090490675143106,9.770829301805558e-36,5.0051265437658455e-34,0.1675262676241227,12.478584432105432
ENSG00000223006,NA,0.9364077600346328,2.5424508199973905,1.102412754112866e-35,5.63825189713574e-34,0.2039022266194971,12.468970359710047
ENSG00000200241,NA,0.8641126685420283,2.089581163054219,1.126074832373259e-35,5.750229536489383e-34,0.1676052457058332,12.467277824476199
ENSG00000199436,SNORD9,2.0651356682135433,1.632876062577594,1.2959704333752082e-35,6.607417908593852e-34,0.13109076142053402,12.456072761217639
ENSG00000248664,NA,1.0109234458426624,2.2179698878356784,1.674207472313554e-35,8.522475846543862e-34,0.17835608839060924,12.435627557486052
ENSG00000234770,NA,0.9831655195499663,2.091552098299516,1.7538712314385404e-35,8.914050533786383e-34,0.16824057250071917,12.431912630887984
ENSG00000267768,NA,0.9121010977985726,3.1483135929492665,1.9943593974473217e-35,1.0120518327639077e-33,0.2534539810372255,12.421637963882938
ENSG00000207997,MIR644A,0.7128150239397604,2.1818297838615894,2.450234648115427e-35,1.2414522217118164e-33,0.17588082868660243,12.405159790037926
ENSG00000256827,NA,0.8717869370938496,2.0879288805317584,2.4565456980415424e-35,1.2427141285520262e-33,0.1683141205664919,12.404953746628344
ENSG00000256658,NA,1.600250328754338,2.2636270665597182,2.5036110790767435e-35,1.2645568506243527e-33,0.18250003591391853,12.403433540294886
ENSG00000208018,MIR645,1.0845677249655856,2.1824918038162653,3.25310064216329e-35,1.640571437027713e-33,0.17625704072344867,12.38243757445494
ENSG00000264031,NA,0.77053303630434955,2.9332449494527726,3.4171400914904644e-35,1.720630540185787e-33,0.2369630784552203,12.37848937722624
ENSG00000277118,NA,0.687218361956126,2.2701262877980306,3.755005302657308e-35,1.8878332686991797e-33,0.18350506502860653,12.370918957709105
ENSG00000253796,LOC101927413,4.364967115490675,2.5323776855045415,4.6680470410055225e-35,2.3432443541640067e-33,0.20499396163817418,12.353425755897776
ENSG00000224944,NA,1.9358523246435542,4.259441740177482,5.210619321377924e-35,2.611572038301712e-33,0.3450455294137998,12.344578836925887
ENSG00000206743,RNU6-484P,0.91796730051653,2.1902436356585433,5.873385497663634e-35,2.939222822584657e-33,0.17756421410821577,12.334938358264624
ENSG00000176904,NA,0.8399077376692704,-2.7778587226796185,5.971915745651772e-35,2.983939713894944e-33,0.22522695056644165,-12.33359824698312
ENSG00000206603,SNORA22B,0.8235423632992618,2.0240064763425614,6.769391883934055e-35,3.37722053988661e-33,0.16423962192588273,12.32349692850575
ENSG00000221996,OR52B4,1.4830953170028345,-2.5339942607195085,7.121590693098853e-35,3.547490077566914e-33,0.20569125059885862,-12.319407137357206
ENSG00000236504,NA,0.861225515155524,2.2711455541379255,7.401968494976489e-35,3.681517296706349e-33,0.18440172220876086,12.316292532055453
ENSG00000250769,NA,1.1544291637312027,3.5209763961365796,9.722679219105582e-35,4.8283864067033035e-33,0.28639157548702937,12.294273636188171
ENSG00000214857,NA,0.6756342677055471,2.395707552906861,1.010871458718429e-34,5.0124431111574786e-33,0.1949135831950997,12.291126732347156
ENSG00000203560,OR52J1P,0.9953921086401034,-2.8423765362360065,1.076362544900573e-34,5.329059491708651e-33,0.231349878766698,-12.286051548366563
ENSG00000202079,NA,0.7660022351600639,2.024062945180557,1.244628611477527e-34,6.152778035583738e-33,0.16490250901344586,12.27430047783881
ENSG00000201586,RNU6-593P,0.8358283062346693,2.1513006766451537,1.2797041838391219e-34,6.316573246118203e-33,0.17530082897550314,12.27205078959313
ENSG00000134193,REG4,1.697225530960277,-2.675389159259928,1.4739645761736869e-34,7.264412080875406e-33,0.21821021875747218,-12.260604358925397
ENSG00000273077,LOC101927259,0.9560727244239657,2.233034814468405,1.543723424873068e-34,7.596707347090946e-33,0.1821865787451416,12.256856843402105
ENSG00000267127,NA,1.0966364515390048,2.2194330864455285,2.2410817542741393e-34,1.1011768474777824e-32,0.18152487114312585,12.226606042846797
ENSG00000171303,KCNK3,2.2812741294714143,-2.593024993198096,2.3686233439890294e-34,1.1620901980886146e-32,0.2121585750067154,-12.222107888479265
ENSG00000260035,NA,1.000908525031738,2.110816682946313,2.791488303153868e-34,1.367492944653449e-32,0.17289377570580522,12.20874883626848
ENSG00000226876,SMYD3-AS1,0.6082327396777418,2.213541424904234,2.8783737141044023e-34,1.4079359424419247e-32,0.18134485186349183,12.206254559520042
ENSG00000211769,TRBJ2-5,1.4128066246400266,-2.6116978182666872,2.9349935386933877e-34,1.4334755229222e-32,0.21399169469672794,-12.204669073573264
ENSG00000184788,SATL1,0.822971856653424,2.329224777157845,3.100544239223123e-34,1.512061514444524e-32,0.19091690504855827,12.200201844700052
ENSG00000167757,KLK11,0.9504008148827489,-2.3003507919882096,4.147857270377488e-34,2.0197829534556726e-32,0.18891750551889666,-12.176482987481087
ENSG00000248916,NA,2.031466177608591,2.181912775994222,4.420967165163796e-34,2.1495548572264268e-32,0.1792673275229941,12.171279653367701
ENSG00000253194,NA,5.149255198747667,2.505485475124979,5.058471330934675e-34,2.4558500813827328e-32,0.20603846102146298,12.160280477264791
ENSG00000206897,SNORA9B,1.7539843505731103,1.7431829744660294,5.876615513812505e-34,2.8488010347733703e-32,0.14349514284275602,12.148027730640568
ENSG00000276597,TRBV11-3,1.18022724586754,-2.581441121061554,6.1072282683965335e-34,2.9561893022976556e-32,0.21255386342083699,-12.144879794306723
ENSG00000252859,RNU6-375P,0.8802342405164932,1.95436573735577,6.311889427769355e-34,3.050715294301361e-32,0.16095669632435083,12.142183469132856
ENSG00000264349,MIR4258,1.5775284878238418,1.9987897323345407,7.222434482460301e-34,3.485628321149387e-32,0.1647650109089928,12.131154067889835
ENSG00000278035,NA,0.710186577616908,2.175795380415573,7.300713157738212e-34,3.5181866310356825e-32,0.17936906106992992,12.130271337972296
ENSG00000227088,NA,1.7632192189600162,4.128360268191467,7.459336814533346e-34,3.589309288507998e-32,0.3403847555731366,12.128511046977335
ENSG00000257453,PHLDA1-AS1,1.419329175984519,3.8037985645072276,1.2359890019845894e-33,5.938589402740727e-32,0.31469948991176944,12.087082078123728
ENSG00000270050,NA,0.5488081047855488,2.2157275730795196,1.2735942868055056e-33,6.110247044426177e-32,0.18335105183462977,12.08461882770084
ENSG00000186645,SPDYE17,0.5713733412812485,1.9522511156647595,1.2842305034799231e-33,6.152201740382171e-32,0.16155756210522768,12.083935225472114
ENSG00000223646,LINC03076,0.7927109629660167,2.1880454387732833,1.8634940082966937e-33,8.914078397334538e-32,0.18153089991856297,12.053294726985145
ENSG00000165953,SERPINA12,0.9604521124622656,-2.4891273352572387,1.9891902010424174e-33,9.501377218723605e-32,0.2066023390437325,-12.047914591762455
ENSG00000163612,FAM86KP,0.7046890028246514,2.084507342164952,2.111784205958645e-33,1.0072157866777539e-31,0.17308895303629113,12.042983134388122
ENSG00000277541,NA,0.8844921855441796,2.009037593217436,2.237752558588509e-33,1.0657337514753589e-31,0.16688848627468408,12.038203701546749
ENSG00000274475,RN7SL650P,0.7639068337472196,-3.249633104291003,2.880676161340324e-33,1.369921552281843e-31,0.27041182313003564,-12.017348452727674
ENSG00000254780,NA,1.0526202027699103,1.8743297058628912,3.0094631407628867e-33,1.4290776210618275e-31,0.15601559334603132,12.013733151056018
ENSG00000236866,TENT5C-DT,1.6811983491681552,2.3543014037866197,3.17117181276335e-33,1.5036716723843479e-31,0.1960381334727024,12.009405323757827
ENSG00000223224,SNORD71,0.6991438533604196,2.1866861374928583,3.450923407611217e-33,1.6339393974203447e-31,0.18218723117778754,12.002411603472797
ENSG00000267677,NA,0.6836420531097825,2.144918153277857,3.652703839235926e-33,1.7269643965503807e-31,0.1787773204786436,11.997708364434768
ENSG00000212440,NA,0.8327701903759418,2.149558346354911,3.667852381878828e-33,1.7316096121589914e-31,0.17916919348623314,11.997365755403017
ENSG00000243849,CFAP44-AS1,1.1309465217171448,1.9258826755063065,3.7278173496106925e-33,1.7573687354802406e-31,0.16054342700515706,11.996023203394321
ENSG00000256814,NA,0.9471873023310967,2.2932261922511428,3.765815121186486e-33,1.772712507408886e-31,0.19117891663328102,11.995183530880679
ENSG00000206859,RNU6-767P,0.7726751900620611,2.013151260574732,3.8441360763416874e-33,1.8069661602780694e-31,0.1678538191979342,11.993479029516822
ENSG00000237461,NA,1.1889345930817758,2.052689505140126,3.928670765157246e-33,1.8440375562631298e-31,0.17117617546892944,11.991677577308147
ENSG00000268545,VN1R107P,0.7546921549323937,2.0814471529225522,4.126762251609426e-33,1.9342265492846026e-31,0.17363331190286302,11.987602667436256
ENSG00000249413,LOC105377261,0.6952815369136974,2.4114332698737,4.709266442636273e-33,2.204072213612557e-31,0.20134441741174186,11.976658210207082
ENSG00000255790,NA,0.8383251017628544,2.338820576727122,4.966928880252827e-33,2.3213256123112637e-31,0.1953536327151831,11.972240005063117
ENSG00000250566,NA,0.6376476895205081,2.336177339073002,6.255554088347357e-33,2.919378240828735e-31,0.19544547891422198,11.9530896905439
ENSG00000222255,RNU6-101P,0.7652309386078847,2.0099282145819313,6.267642255390129e-33,2.9208290441737836e-31,0.1681536103885609,11.952929288508825
ENSG00000258553,PCNX4-DT,0.8497398057333884,2.1516640064455808,7.066319304232652e-33,3.2883152264389085e-31,0.18016170737381212,11.942959676670679
ENSG00000281991,TMEM265,3.496543378989311,-2.68818030993272,7.144473446411025e-33,3.319934746640826e-31,0.22510217600768279,-11.942044975349202
ENSG00000252569,NA,0.9912737889332919,2.0140353826079873,7.793311176277579e-33,3.6162742645072336e-31,0.16875297940977332,11.934813771301892
ENSG00000249020,NA,0.45364839423266073,1.9535546234750165,8.104566739877914e-33,3.755346822147419e-31,0.16373009983236228,11.931554585718784
ENSG00000211880,TRAJ9,0.5842771724440008,-2.3329635190924507,1.099558915647484e-32,5.087688820509439e-31,0.1959463224002494,-11.906135774914045
ENSG00000259527,LINC00052,1.6980892741451281,2.9951911199806163,1.2960158647038235e-32,5.988182393051984e-31,0.2518572319161429,11.89241657741192
ENSG00000257869,NA,2.1177486397757788,4.388591260231808,1.3784188198700126e-32,6.359887570600251e-31,0.3691841758759747,11.887268054809939
ENSG00000253092,LOC124900564,1.7535785749723487,2.0342487310222284,1.3925076773626858e-32,6.4157917463531785e-31,0.17114059486200744,11.886418489210381
ENSG00000180785,OR51E1,8.633547393857222,-3.4114129024808655,1.453030704108856e-32,6.685174362553446e-31,0.2870867711858916,-11.882863457584888
ENSG00000276121,NA,0.7053597880782418,2.2810196851500404,1.4647730863694793e-32,6.729680643139325e-31,0.19196962289590447,11.882190790086218
ENSG00000175520,UBQLN3,2.05971774549201,-2.5503420523817435,1.6237610492395057e-32,7.449604994310669e-31,0.21479140935227597,-11.873575670798678
ENSG00000259692,NA,1.6273478536437498,2.572856048706917,1.735019274030921e-32,7.948831964179972e-31,0.2167887767303692,11.868031581297696
ENSG00000231682,LINC01891,1.0185924185365505,-2.455354070493847,1.8547557998931497e-32,8.4854425680625e-31,0.20698547337974396,-11.86244633694247
ENSG00000250122,NA,1.291533130323338,2.526221184692323,1.8712383184448105e-32,8.548825845838875e-31,0.21297284336009084,11.86170567493918
ENSG00000266306,NA,0.7135048630392385,2.297735842482075,2.106553038750062e-32,9.610372685057786e-31,0.19387255587462254,11.85178496314879
ENSG00000196136,SERPINA3,5.4409705439409874,-3.347972512774734,2.511409010318286e-32,1.1441332253169919e-30,0.28283849362138574,-11.837046895237707
ENSG00000279847,LINC02906,0.6117550992384804,2.4052624217832674,2.742650959543291e-32,1.2477335721961424e-30,0.203324807061119,11.829655498260234
ENSG00000214810,NA,0.9007329427529864,1.9195139631671185,3.3005699672582143e-32,1.4994544678069161e-30,0.1624765030175989,11.814101900994284
ENSG00000270492,NA,1.01968586855271,2.3135221892267244,3.394340299436907e-32,1.539903783264766e-30,0.1958662151606446,11.811747050553008
ENSG00000252503,RNU6-531P,1.3734451515297315,1.8123093668231487,3.5276778686151563e-32,1.598165817692393e-30,0.15347488849757993,11.808507467016183
ENSG00000163958,ZDHHC19,272.1306458815708,-2.6029741905362362,3.661004116381401e-32,1.656260666170434e-30,0.22049036391697305,-11.805387520319943
ENSG00000248109,MARCOL,0.49873518438584286,2.1165434986370872,3.877474116934523e-32,1.75175663993953e-30,0.17935966304109024,11.800554610499015
ENSG00000223269,RN7SKP53,0.930477488101025,3.2080243555785426,3.948099214144143e-32,1.7811896149470274e-30,0.2718886906954685,11.79903565452717
ENSG00000264607,MIR3173,0.830541697835699,2.9982728564066896,4.058520375684185e-32,1.8284702324135066e-30,0.25416169682925827,11.796714036029122
ENSG00000171561,OR2AT4,0.8752999784393766,2.3201985085412584,4.9037966173700576e-32,2.2062336980610406e-30,0.19694780614526997,11.780778643606038
ENSG00000252034,RNY4P37,0.7738126820721056,1.9845216226462448,5.809459057714806e-32,2.6100840363169502e-30,0.16865882344082195,11.766485631524416
ENSG00000254483,NA,0.5875310523365979,-2.9021221966388753,6.095346961870904e-32,2.7347509789756795e-30,0.24672809146925387,-11.76243118226578
ENSG00000273320,NAMPT-AS1,0.6773923960116712,2.03535638875835,6.914226025799249e-32,3.0978780188319277e-30,0.1731955020834892,11.751785492542428
ENSG00000235779,LOC105373346,0.8950269443691415,2.104256732398733,7.577714976197833e-32,3.3904802303406205e-30,0.17917654731440535,11.744041080925305
ENSG00000227484,NA,1.524122254345523,1.9359340007517951,7.653622976710155e-32,3.419739672890493e-30,0.16485576948433353,11.74319835336894
ENSG00000269374,LOC732229,2.107178407929432,-1.6498825235421768,8.087976159374133e-32,3.608857181236239e-30,0.1405527341319325,-11.738530265754084
ENSG00000211856,TRAJ33,0.6001278188269916,-2.3591629009476502,8.498896302898567e-32,3.787015053981981e-30,0.20104781007646608,-11.734337718229169
ENSG00000252498,RNU6-1016P,2.652513164892164,1.8737983993493945,1.0557527567300392e-31,4.697883128716103e-30,0.1599353973754238,11.715970511211726
ENSG00000258620,NA,0.8861274470924262,2.0247316678474125,1.2494958299668618e-31,5.552404420377333e-30,0.17302909043341247,11.701683588440284
ENSG00000245384,CXXC4-AS1,1.4040409914765712,2.316771084557798,1.3388418996131963e-31,5.941316413454031e-30,0.19808535426066975,11.695822203538837
ENSG00000200594,RNU6-824P,0.751496367780988,1.9101627571799313,1.4963575332693738e-31,6.631269460788308e-30,0.16345210000574692,11.686376358044777
ENSG00000224326,NA,1.9838062823629843,4.28816865295937,1.6767617453313427e-31,7.420640279202437e-30,0.3672414297663165,11.67670176997193
ENSG00000212296,SNORD72,1.463750236370043,1.9926184194821632,1.7243924309726054e-31,7.621064809059363e-30,0.17068389699070188,11.674319924806452
ENSG00000171794,UTF1,1.3800858396332811,-2.187454326294978,1.7271576367335957e-31,7.622928576346052e-30,0.1873753566013168,-11.674183659857038
ENSG00000206075,SERPINB5,2.021543176395853,-2.5825466811683553,1.731654136541051e-31,7.632418123767928e-30,0.22122280005929973,-11.673962541275548
ENSG00000233379,NA,2.332875052023781,3.393100042852376,2.1483567012921894e-31,9.456258021601129e-30,0.2911130313754737,11.655610285875527
ENSG00000273348,NA,0.8692329064626305,-2.4152730589753384,2.1859294383180536e-31,9.60863686075806e-30,0.20724604541547703,-11.654133395565227
ENSG00000228800,NA,0.7383947950831596,-2.160073431723236,2.2400992678593826e-31,9.833461401475033e-30,0.18538144136642046,-11.652047884629871
ENSG00000261446,LINC00559,0.5856149585641024,2.1548459546597205,2.24887783979764e-31,9.858692503091325e-30,0.1849380989895399,11.651714635509467
ENSG00000258949,NA,1.3723922377423539,1.9252279414824074,2.3020472137797947e-31,1.0078195392978354e-29,0.16525954055631745,11.649723428986084
ENSG00000251957,RNU6-1095P,1.3889310392226781,1.7232498700988899,2.435465101171216e-31,1.0647958173507703e-29,0.147982956059911,11.644921252966666
ENSG00000172023,REG1B,0.6454990477064776,-2.882515428657846,2.6598456930892545e-31,1.1613350430175473e-29,0.24769399565966188,-11.63740534356149
ENSG00000182759,MAFA,40.39907527199359,-2.300642529973156,2.9190887323816223e-31,1.2728165990202335e-29,0.19782868819757374,-11.629468662681917
ENSG00000252192,NA,0.867639930241633,1.9257063635978677,3.4027957872942996e-31,1.4817421870027977e-29,0.16577518994139914,11.616372536074893
ENSG00000200732,RNU6-194P,1.5379780551919198,2.1280898770217465,3.9076071548521428e-31,1.6992867049870386e-29,0.18338417285910882,11.60454494977996
ENSG00000239608,RUVBL1-AS1,1.2413200957804906,1.671312076534018,3.997564252487206e-31,1.736085046794444e-29,0.14404636913788824,11.602597736664617
ENSG00000222337,RN7SKP225,0.6949551583752713,2.0719709124916292,4.450647134070791e-31,1.9302753330273957e-29,0.17871974513694297,11.593407941041956
ENSG00000174403,NA,1.1020334815104569,-2.250468943913226,4.675030508067233e-31,2.024892042162596e-29,0.19418681383491818,-11.589195473521654
ENSG00000211800,TRAV20,1.8907659063268025,-2.459571114627064,5.064167872532719e-31,2.1905219755019188e-29,0.21235519884636747,-11.582344712956562
ENSG00000222383,RNA5SP203,1.2634604490512686,1.7955979055118452,5.949802914973191e-31,2.570188435833306e-29,0.1552141006391712,11.568523079524207
ENSG00000176239,OR51B6,1.527708027643467,-2.4369167857560274,8.662023013287423e-31,3.7364730405052215e-29,0.2112399516577811,-11.53624949556867
ENSG00000200394,SNORA38B,0.8411594391996318,1.9268248770761263,8.672642479037882e-31,3.7364730405052215e-29,0.16702503588424142,11.53614406891392
ENSG00000169469,SPRR1B,0.5057281792275946,-2.017289617074604,8.830556809902674e-31,3.7994755543983357e-29,0.17489042883955705,-11.534591289299474
ENSG00000202360,NA,0.9100667835159539,2.0499524203797437,8.946243607176393e-31,3.844166605736244e-29,0.17773941576677252,11.533471129834624
ENSG00000267077,NA,1.0541296168847967,-2.2205586615119772,9.093498248797279e-31,3.902286425288626e-29,0.19255514799948198,-11.532065928031958
ENSG00000211644,IGLV1-51,253.8991139555386,-2.618672498615245,9.951196289908097e-31,4.2591120120806654e-29,0.2272304059266839,-11.524304979942528
ENSG00000266676,MIR4297,0.6592135191978553,2.6965985975022657,9.947944976217168e-31,4.2591120120806654e-29,0.23399172584235509,11.524333126714994
ENSG00000230781,NA,0.7440112114591556,2.294150869510253,1.2144569176738297e-30,5.1910452849007e-29,0.1993676783052453,11.50713540435453
ENSG00000223138,RNA5SP450,1.1260121691260327,2.1055349438648636,1.3468436172135871e-30,5.749360784871858e-29,0.1831185476247871,11.498206878415939
ENSG00000250625,LOC100420228,1.1075077594080307,3.4645483880364933,1.3779594611444477e-30,5.874477765675831e-29,0.3013637407061935,11.496235014597069
ENSG00000197585,NA,1.4158086012779163,2.1641316472756897,1.5766144879264504e-30,6.712266597125907e-29,0.1884376849943612,11.484601115432135
ENSG00000211638,IGLV8-61,778.1823735859175,-2.0523179040914967,1.5786042630353293e-30,6.712266597125907e-29,0.17870341020607944,-11.484492107480092
ENSG00000239096,LOC124906348,0.9336365795198056,1.9549904009772419,1.6797955179868364e-30,7.133210001184833e-29,0.1703083712876076,11.47912099796762
ENSG00000226519,SMIM2,0.9612431274593591,2.237296089573325,1.7002582979886937e-30,7.210691253843054e-29,0.19491912077858042,11.478073985952333
ENSG00000265996,MIR3671,1.7676987263167316,1.9789700155836412,2.0011382631967536e-30,8.475654352247916e-29,0.17262510969449643,11.463975426784241
ENSG00000258446,NA,1.5689993269829206,2.316400127839747,2.0515857318112067e-30,8.678020895234712e-29,0.20209706666304109,11.461819639875868
ENSG00000266750,MIR4645,0.5329738670127531,2.135432213791937,2.0736141270732107e-30,8.759807834472388e-29,0.1863233421630531,11.460894748888748
ENSG00000136275,PKD1L1-AS1,1.3069279839185337,2.4892952532976844,2.2198605187034652e-30,9.365450447780326e-29,0.21731097222749104,11.454991102298216
ENSG00000224132,LOC105373953,0.9341449151399355,2.1298704148051333,2.4067306306073906e-30,1.0140690926476322e-28,0.18604761292102936,11.447985713792457
ENSG00000187658,C5orf52,0.7078840276590151,2.121740258710579,2.4706828581880496e-30,1.0396684606874628e-28,0.18537425222057202,11.445711760368832
ENSG00000250197,HMGN1P15,0.9270543843185505,1.9481190233641887,2.5370170275060755e-30,1.0662027115079797e-28,0.17023932014454207,11.443414022742418
ENSG00000251013,GAPDHP62,1.1433278523188373,1.8216637026058835,2.548114026778333e-30,1.0694845556522013e-28,0.1591940973969984,11.44303546671719
ENSG00000267766,NA,0.924142886502932,2.055824979167907,2.867659968976526e-30,1.2020521065833561e-28,0.17981841069065257,11.43278361360122
ENSG00000237031,NA,0.6610953105758445,2.251933543208575,2.8789168474163248e-30,1.2052175960457944e-28,0.19697744795297037,11.432443493461438
ENSG00000223537,ZBTB24-DT,1.5233874797296862,1.9446258672199956,2.9765237730969238e-30,1.2444777029729658e-28,0.17014021718605538,11.429548518169968
ENSG00000252821,RNU6-388P,0.8648299212545615,1.7878429010843446,3.084004407988357e-30,1.2877598893844067e-28,0.15646505482612902,11.426467737930848
ENSG00000222588,LOC124900296,1.2072683396871733,1.957197883121484,3.158987134692085e-30,1.31737863483672e-28,0.17131763150697066,11.424380934439013
ENSG00000243944,NA,0.7594655126919306,2.4110005031665835,3.578923578843474e-30,1.4905918844125546e-28,0.21124051164439067,11.413532775499721
ENSG00000231333,RPL34P6,0.9496112528269284,2.0225463281397014,4.0490372772991754e-30,1.6842338178515036e-28,0.17737284554857116,11.40279574296988
ENSG00000147183,CPXCR1,1.2488090864072607,2.5575252831955586,4.100497337658461e-30,1.7034607586124447e-28,0.22431094260653303,11.401696473104076
ENSG00000240527,NA,2.8692504560761005,-2.360203530210448,4.163283401258272e-30,1.72733778668532e-28,0.20702861161724578,-11.40037365740533
ENSG00000230122,NA,0.8005582109596204,2.1513325459404795,4.191963686709685e-30,1.737021589825384e-28,0.18871708971543613,11.39977597781125
ENSG00000248830,NA,1.5238271495263747,1.9016474937694317,4.211503299338157e-30,1.7428979557362796e-28,0.1668203865289193,11.399371104081274
ENSG00000109101,FOXN1,0.926814721514085,-2.319800346686279,4.549520192379518e-30,1.8803912683319057e-28,0.20362258396474447,-11.392647620501334
ENSG00000244273,NA,0.926040195306001,-2.6692069386068544,5.166295239274586e-30,2.1326047150142606e-28,0.23452016078791443,-11.381567067151726
ENSG00000252050,NA,0.8602441046981055,2.202096650856489,5.204108498594885e-30,2.1454910170126035e-28,0.19349002482227196,11.380931150736064
ENSG00000181963,OR52K2,1.0772648534189968,-2.2561208162408506,6.2016857655906034e-30,2.553524488394065e-28,0.19850384161639711,-11.365627979133714
ENSG00000227055,NA,0.9465301928608534,1.816147476356862,6.316618575478875e-30,2.597559658952931e-28,0.1598155200321353,11.36402444513321
ENSG00000211898,IGHD,5985.559366185363,-2.19617254380934,6.352814945069251e-30,2.6091460168334926e-28,0.19326507058488787,-11.363525427346762
ENSG00000253642,NA,1.6124956670083,2.550424677340174,6.569489626325787e-30,2.69473339930801e-28,0.22449743604203504,11.360596015282024
ENSG00000211840,TRAJ49,0.5396655354591413,-2.2294511786804097,6.67740760885955e-30,2.7355505629846784e-28,0.19626880093872726,-11.359172563429565
ENSG00000223263,RNU6-387P,1.3305609784618186,1.6279776927748328,6.69628751023959e-30,2.7398344670826843e-28,0.14332144689130966,11.35892588364279
ENSG00000234427,NA,0.5541261241679492,2.163923136106179,7.088250166430771e-30,2.896565344392715e-28,0.19058761268972152,11.353954779994368
ENSG00000206652,RNU1-1,1.109501303641403,2.4155792454625082,7.158795714052635e-30,2.9217227978256476e-28,0.21276845600895664,11.353089131599576
ENSG00000200550,RNU6-137P,0.5927458319306483,2.063168173339384,7.288216958284007e-30,2.970816055376719e-28,0.181752545983865,11.351522820057445
ENSG00000210194,NA,1.5805469224981543,-2.053871718541363,7.703076247423933e-30,3.135990790690935e-28,0.18101077880324606,-11.346681850222119
ENSG00000252947,SCARNA1,0.8889151905525456,2.140039355622714,7.97340382736193e-30,3.2419859962053604e-28,0.18865502522521133,11.343664729142478
ENSG00000230484,OR51A10P,1.2870858645521137,-2.384334034407774,8.197483620751217e-30,3.3289356706091835e-28,0.21023574899643108,-11.341239754844215
ENSG00000221261,MIR1208,0.6415315374455064,2.6546807897112346,8.343862882216629e-30,3.384154262253647e-28,0.23410521580725313,11.339690918706076
ENSG00000230191,NA,2.3999409384475485,-1.9474773269426575,9.781256029386739e-30,3.9622004498616668e-28,0.17195094634297686,-11.325772659943258
ENSG00000234139,NA,0.7637765337253833,2.0868427831667407,1.1167073175580026e-29,4.517942241980933e-28,0.18444527656558302,11.314156816722406
ENSG00000211844,TRAJ45,0.6835053072932374,-2.304990559587776,1.1462130701140682e-29,4.631555123561542e-28,0.20376743400301872,-11.311869194729265
ENSG00000234185,NA,1.671689331000723,1.9143359012039012,1.3671762427865576e-29,5.517556926223467e-28,0.16946433794542004,11.29639382782977
ENSG00000259121,NA,1.3997401745292095,1.9415803852210176,1.4429674023854983e-29,5.816213589193988e-28,0.17194828352091204,11.291653196322173
ENSG00000170790,OR10A2,0.9444813352164823,2.0915424392510222,1.494684457043997e-29,6.017214853802863e-28,0.18527985700241167,11.288558147061813
ENSG00000233077,LINC01271,3.0420378922241915,-2.5208477591789777,1.564651740215121e-29,6.291099110719093e-28,0.2233895819189923,-11.284535910421786
ENSG00000200693,LOC124903437,1.3351098410060787,-1.915035447067513,1.6586524267424564e-29,6.660820510750447e-28,0.16978161165984543,-11.279404337993057
ENSG00000232471,NA,1.1798726566813202,3.553530123691643,1.874206523344947e-29,7.517162736296478e-28,0.315346559318046,11.26865037429406
ENSG00000283052,NA,1.2914113471007607,2.4428215114852985,2.2528328308767423e-29,9.024648561916093e-28,0.21709268610986104,11.252435792558641
ENSG00000252516,RNA5SP82,3.0348909454104427,1.6422887547342746,2.2912862107502724e-29,9.16739949117895e-28,0.14596898464700925,11.250943196636968
ENSG00000256789,LNCROPM,0.8677586667410743,1.886025384860647,2.2955503649068453e-29,9.173177183008583e-28,0.16763508989151638,11.250779213833884
ENSG00000236869,ZKSCAN7-AS1,2.376080290408371,1.8764363533036679,2.717086804804633e-29,1.0844343507568724e-27,0.1670036437510448,11.235900673526045
ENSG00000225533,PAWRP1,0.9423264712131264,2.039368893075512,2.7802266462451264e-29,1.1082746611404592e-27,0.1815374905663708,11.233871784351402
ENSG00000224960,PPP4R3C,0.5598520940531482,2.438711131752444,2.97066610586073e-29,1.1827396216822255e-27,0.21719871427015366,11.22801826864939
ENSG00000149798,CDC42EP2,14.76757379392017,-2.4254232262108975,3.2041208986781745e-29,1.2741276845012672e-27,0.21614399161638143,-11.221330780804717
ENSG00000213365,LOC401703,1.4246748700614071,1.8001113332569445,3.517038832181295e-29,1.3968527366690252e-27,0.16053662392019616,11.213088261727691
ENSG00000201229,SNORA63D,0.6905037730686886,2.2395471810471523,3.663926283275339e-29,1.4534170017363442e-27,0.19979069136045996,11.209467096775736
ENSG00000237916,RPL37P12,1.0724862692609831,2.1695991966282016,3.818230514130888e-29,1.5127819995572413e-27,0.19361368970964948,11.205815042736987
ENSG00000248127,NA,1.048615978273952,2.3785949825588326,4.347699958078186e-29,1.7204620953329348e-27,0.21248248589712268,11.194310780562278
ENSG00000260224,UBL5P4,0.6606875523172665,2.015200893315873,4.958209438036621e-29,1.9596675164089334e-27,0.1802076767238583,11.18265841917418
ENSG00000276831,NA,1.2595684143333867,1.9624567998156743,5.486900510144376e-29,2.165993929538547e-27,0.17563232384685443,11.173665284568413
ENSG00000265394,NA,1.2764097294556627,1.6457438407535836,5.854418385104669e-29,2.3082729846143597e-27,0.14736367828973373,11.167906907955054
ENSG00000259113,NA,0.8963506279636201,1.8562426536608794,6.536139406198813e-29,2.5739411937631355e-27,0.1663580583597306,11.158116847258238
ENSG00000251199,NA,0.5400792604333453,2.390204546239506,6.675918638495153e-29,2.6258075147880334e-27,0.21424831115401893,11.156235180408187
ENSG00000225299,NA,0.8681157568244372,3.090423176848145,6.856130294510925e-29,2.693432442268736e-27,0.2770719274069509,11.153866094521618
ENSG00000257605,NA,3.6534100158537695,-1.7658633851478722,7.423595084584822e-29,2.9128431955533787e-27,0.15841899869555617,-11.146790471396955
ENSG00000251011,NA,0.6079356725236548,2.110163609403361,8.064248612127519e-29,3.1604081789793245e-27,0.18943208364976374,11.139420359778072
ENSG00000254261,NA,0.7048119670393,2.8221392711069586,8.393724590055903e-29,3.2855724845407745e-27,0.2534282010249722,11.135853309509432
ENSG00000066468,FGFR2,19.13008403663988,-2.4224129603022493,8.603320546099044e-29,3.363567436580646e-27,0.2175757020454432,-11.133655723175837
ENSG00000110484,SCGB2A2,1.2486211036964316,-2.893708172515208,8.719156887716205e-29,3.404762728014799e-27,0.25993420728233624,-11.132463875260981
ENSG00000279516,FAM230C,0.7210004212917167,2.7726096412327066,1.0672915580374078e-28,4.162693021563645e-27,0.24946033754378727,11.114430728877034
ENSG00000225416,NA,1.6016691901837388,1.870624552022403,1.0693654565263207e-28,4.165786774836906e-27,0.16830854970256814,11.114257447575522
ENSG00000277693,NA,0.5576470252342469,2.2109456911479897,1.1303629571538156e-28,4.3981395060166644e-27,0.19901746901393097,11.109304635932368
ENSG00000244067,GSTA2,0.7991528203352098,-3.148757839235815,1.1588329534739253e-28,4.503526679880507e-27,0.28349097814203844,-11.10708305383243
ENSG00000252611,RNU6-1121P,0.505151093497381,2.368037592118637,1.1777167950134393e-28,4.571452495011594e-27,0.21322839278921432,11.105639174701967
ENSG00000226779,NA,1.3493469956766868,3.16231322454232,1.2156214825939907e-28,4.7094062025956875e-27,0.2848210056565421,11.102808998419405
ENSG00000258597,SERPINA2,1.147644989288473,-2.3806109006509253,1.2161526101144791e-28,4.7094062025956875e-27,0.2144159437527222,-11.102769966567383
ENSG00000211691,TRGJP,0.5807202010143159,-2.250637273802907,1.3152145566729434e-28,5.086955897676279e-27,0.202837399499175,-11.095770697908502
ENSG00000240571,NA,1.526865584513596,2.003763621500344,1.3864068976020554e-28,5.355943416294497e-27,0.18066481167004975,11.091056431951124
ENSG00000242531,NA,1.2318037409080616,1.9802368855470456,1.4419242297927578e-28,5.5638091751718656e-27,0.17860013897241978,11.087543923204016
ENSG00000233997,LINC01425,0.4791956164634757,2.1784392075925196,1.5157010998559988e-28,5.8415551393502286e-27,0.1965554291927585,11.083078277406226
ENSG00000223791,NA,1.5983697895984021,2.1812141174003683,1.5871689504411803e-28,6.1097552212959426e-27,0.1968790760797832,11.078953441027192
ENSG00000179131,RPL31P38,0.9103355119759493,1.9212214459890276,1.5946087111222595e-28,6.1311385526459645e-27,0.17341837169773056,11.07853468568907
ENSG00000259882,NA,1.1921662239816895,2.6816145500911097,1.6804153324827884e-28,6.453429744391988e-27,0.24215759547347313,11.07384034288887
ENSG00000225323,HBAP1,1.6783115626129725,-2.17839760611682,1.7414489482441652e-28,6.679935305246015e-27,0.1967724403086532,-11.070643849818758
ENSG00000261761,LINC02616,1.2528890377680504,2.7126207719469817,1.9758916875657646e-28,7.570295030994016e-27,0.24527915829702718,11.05932028950484
ENSG00000211879,TRAJ10,0.6404708876380906,-2.2233528622260694,2.079959506470432e-28,7.959637979584731e-27,0.20112258205717023,-11.05471518655259
ENSG00000204193,TXNDC8,0.7339261957041795,1.9859975058059358,2.235997248529228e-28,8.546711927163188e-27,0.17975720688544133,11.048221877811025
ENSG00000176798,OR51L1,0.9242184124108521,-2.405115213246043,2.4776180560781697e-28,9.459150249778251e-27,0.2178742774021442,-11.039004888157454
ENSG00000258001,R3HDM2-DT,1.3526179086223988,1.808269188932757,2.9529887887668966e-28,1.1260822898125395e-26,0.1640418132260416,11.023221173744588
ENSG00000118702,GHRH,0.68804199607435,2.090789791446568,2.9815242848932305e-28,1.1356325753982085e-26,0.1896862923452246,11.022355730594278
ENSG00000258531,NA,0.8633163163324775,-2.364177451454823,3.016921430107669e-28,1.147770997409851e-26,0.21450997971757185,-11.0212935294085
ENSG00000260602,NA,0.9041659676645125,2.0777806980352627,3.262401825004731e-28,1.2397126935017978e-26,0.18864476376336778,11.01425057650468
ENSG00000250049,NA,1.239238527567761,2.391150774368094,3.4550106936044457e-28,1.3113720868327354e-26,0.21719799041313817,11.009083324481141
ENSG00000224203,RPS23P10,1.5427675342649116,-2.4325837325853517,3.522598421862931e-28,1.3354671499575456e-26,0.22099655889797698,-11.007337601615568
ENSG00000223309,RNU6-722P,2.8513475969004394,1.556254529169343,4.177567561020907e-28,1.5819315206622593e-26,0.14158117467497852,10.991959437700428
ENSG00000279701,NA,0.5801392452361177,2.245260326091963,4.35442441951131e-28,1.6469850874170218e-26,0.20433345078051562,10.988217139756058
ENSG00000271192,NA,0.9334788500771938,2.25948119439,4.852887350045776e-28,1.8333881500846575e-26,0.2058109734759011,10.978429168426086
ENSG00000224613,RNPC3-DT,0.5441778651038189,2.058955274909205,4.997609699512239e-28,1.8858729501825306e-26,0.18759089841478305,10.975773837154081
ENSG00000253024,RNU6-1238P,1.476324286805494,1.5752950373337806,5.074904045154312e-28,1.9128213068456487e-26,0.14354287622136158,10.974386739363318
ENSG00000197674,OR51C1,0.8674321853863114,-2.4865132868219546,5.308257509753432e-28,1.9984606513571718e-26,0.22665817074021286,-10.970322749458273
ENSG00000263417,GTSCR1,0.7834053488499164,-2.180216341041433,5.977159108944385e-28,2.247688225384312e-26,0.19893234704222496,-10.95958688195975
ENSG00000281990,IGHV1-69-2,178.55777596836566,-2.813472176934619,6.1637314746666755e-28,2.315171563602282e-26,0.2567785263102898,-10.956804750623244
ENSG00000223274,RNA5SP498,1.6629902214614105,-2.158217131292831,6.248346430697115e-28,2.3442469745987975e-26,0.1969972397740281,-10.95557041189248
ENSG00000207291,RNU6-30P,2.6496241118211064,1.952703897305972,6.551160401121515e-28,2.4533391647063898e-26,0.1783081988996694,10.951284962531203
ENSG00000258422,LOC646548,1.1865350584211787,2.020088365304639,6.554204790118829e-28,2.4533391647063898e-26,0.184462018314887,10.951242883270607
ENSG00000206888,RNU6-48P,1.2462303206129912,1.6763165002807248,7.754493676641744e-28,2.8992893139517546e-26,0.15328422292450605,10.936001555139349
ENSG00000239040,NA,2.1992958620306124,1.6195291286049385,7.882349499514191e-28,2.9437091219310866e-26,0.1481116120389346,10.934518275172154
ENSG00000219693,NA,0.7542430961736943,1.9232793272475672,8.85213121846712e-28,3.3020885811272765e-26,0.17606017749751887,10.923988346397476
ENSG00000201900,RNY1P13,2.430788164788993,1.8081040194300069,8.917917698759095e-28,3.3228181776086584e-26,0.1655270256147409,10.923316073100438
ENSG00000273085,OR52E1,0.7404849333742174,-2.526534936889704,9.641457802690481e-28,3.5882990778708923e-26,0.23144755937666,-10.916230629928554
ENSG00000176925,OR51F2,0.6622535592317663,-2.3905485985832526,1.0112343906259436e-27,3.759249400946365e-26,0.21907726271851713,-10.91189733210591
ENSG00000248898,PELO-AS1,1.0229925387156589,2.0427168800324687,1.0818809887189161e-27,4.017285936192797e-26,0.18730627691514753,10.905757744348573
ENSG00000266129,SRP68P1,1.516903613648282,2.4468109074088553,1.2121916760128944e-27,4.496028601749992e-26,0.22457262972796835,10.895410141354946
ENSG00000253138,LINC00967,0.6498994509280568,2.1102798151012454,1.2947920942191127e-27,4.7969245148928585e-26,0.1937919691235576,10.889407980347093
ENSG00000251609,NA,0.8610671128355625,2.2342132813368636,1.402317889751596e-27,5.189373870061424e-26,0.20531010606081912,10.882139823526375
ENSG00000252218,LOC124900224,0.6396613639254608,1.8585944725121797,1.5385297745205196e-27,5.686965512000393e-26,0.1709258573887897,10.8736881645976
ENSG00000234650,LOC107984574,1.0118223844511482,1.9574712242912846,1.5466039546515371e-27,5.71032161599378e-26,0.18002697345462393,10.873210756857322
ENSG00000236491,NA,0.8939685542880865,2.1060195158700985,1.5900082433951481e-27,5.86392155795435e-26,0.19373381948813942,10.870685982624893
ENSG00000185942,NKAIN3,0.9040059346599922,1.9817185280945668,1.6442795841458196e-27,6.057205697972278e-26,0.18235067837763705,10.86762355767358
ENSG00000253739,RNU6-323P,0.954153761253189,1.7492429928152609,1.6587155376078686e-27,6.103472738383342e-26,0.16097092366272397,10.866825840425571
ENSG00000214433,NA,1.4853000032065766,1.9754648313543615,1.689790705492399e-27,6.210792324096808e-26,0.18181692352272016,10.86513176595194
ENSG00000267692,NA,1.240182866404287,1.721073383206675,1.6935448264503007e-27,6.217565024241014e-26,0.15840631364683594,10.864929203792833
ENSG00000276568,NA,1.993343800991494,-1.8669393084122572,1.8466857570236323e-27,6.772152683705153e-26,0.17195681074313682,-10.857024507165505
ENSG00000215812,NA,0.5903991112266771,1.9587461352004019,1.9147643324256536e-27,7.013902500579017e-26,0.18046777000206116,10.853717177189205
ENSG00000261620,NA,0.6818954799563065,1.8748912935903441,1.9256012008946037e-27,7.045664326512898e-26,0.17275006776055096,10.853201494480064
ENSG00000251976,RN7SKP141,0.4922874313129172,1.999730144198708,1.959431668440827e-27,7.161392506858789e-26,0.18427958169240366,10.851609960438394
ENSG00000234698,NA,0.8359072421354836,1.9762834378819913,1.9667947843367496e-27,7.180235773839034e-26,0.1821246684991823,10.851267179607053
ENSG00000200591,NA,0.6328707262065814,1.8720273163696814,2.015930053499679e-27,7.351364661461611e-26,0.17255279536619555,10.849011819233768
ENSG00000201820,NA,1.155174261879649,1.8186965796179353,2.133170886850537e-27,7.770188421889615e-26,0.16771697378635453,10.84384328287889
ENSG00000251187,NA,1.1483754518957239,1.9790483041366993,2.3191999916849865e-27,8.428931545198798e-26,0.18263315591550588,10.836193977025147
ENSG00000258240,LINC01404,1.0701549205535315,2.3161550078289026,2.3180344335941015e-27,8.428931545198798e-26,0.21374157564690402,10.836239981944997
ENSG00000250551,NA,1.1486867758297508,1.7825060925330514,2.4303966123237525e-27,8.823207701525337e-26,0.164560686923226,10.831907218305792
ENSG00000259755,NA,1.3787773809877197,1.692528420166297,2.5407548875477036e-27,9.213564657987927e-26,0.15631264182919494,10.827840924189273
ENSG00000211685,IGLC7,294.7126190841198,-1.9434535923677645,2.595402772871382e-27,9.401254053002263e-26,0.17951903052297688,-10.825891754796544
ENSG00000260507,NA,0.9537487097030979,-2.0791079471475253,2.6540706241373727e-27,9.60307110811351e-26,0.19208591223292015,-10.82384399240291
ENSG00000202382,NA,1.1844807472723318,1.6706476838973034,2.6842869258288447e-27,9.701609458151185e-26,0.15436362498109077,10.822806759701027
ENSG00000163017,ACTG2,28.452478477024634,-2.841699477897787,3.758199781235784e-27,1.3567893727418155e-25,0.2633171195792916,-10.79192831228764
ENSG00000211876,TRAJ13,0.6101595093938622,-2.2813763273079033,3.877501180633369e-27,1.3983077428341712e-25,0.2114528127208086,-10.789056423288704
ENSG00000267215,NA,1.0853189992024055,2.19023036722433,4.454762595216838e-27,1.6047011926601696e-25,0.20324524127878082,10.776293474050426
ENSG00000188124,OR2AG2,2.1684860732058726,2.109378093100904,4.976122331424207e-27,1.7885448309012885e-25,0.1959276990396323,10.766104555100288
ENSG00000259595,NA,1.3907771538998817,1.777497236652698,5.0949216573259656e-27,1.8292230868598125e-25,0.16513457604626885,10.763931329285414
ENSG00000228331,RPL17P43,1.1152262578910668,1.7643605350587688,5.305816225227701e-27,1.9028400239714076e-25,0.16397106606944417,10.76019432789158
ENSG00000242894,RN7SL634P,0.65881382145219,-2.2930555683100313,5.3307423094146334e-27,1.9096738528704758e-25,0.21311395925435853,-10.759762412246276
ENSG00000262769,NA,1.3743166979243857,2.1543737596476285,5.527918392122019e-27,1.9781312371721126e-25,0.20028734633035863,10.756414716754767
ENSG00000274967,NA,0.8885257750637153,1.875007909441043,5.9777092773078096e-27,2.1367354656293233e-25,0.1744323031908799,10.749201123539809
ENSG00000228869,COX4I1P2,0.6794799041907168,2.0760039225532,6.93385017794826e-27,2.475787909860604e-25,0.19337738105626937,10.735505420611318
ENSG00000224817,LINC03046,0.3569804539328205,1.7377726886799123,7.898199502168742e-27,2.817024489106851e-25,0.1620531813752949,10.723471603161236
ENSG00000225380,NA,0.44897852224363044,1.9788398224091395,8.769457554295912e-27,3.124347374875547e-25,0.1847002278104433,10.713791996185357
ENSG00000197984,OR51A8P,0.6650949783781582,-2.6428730543556327,9.158195390910329e-27,3.2592754887913697e-25,0.2467719921398067,-10.709777197317976
ENSG00000206627,RNU6-969P,0.6189097045754766,1.8049060727754453,9.670497470239285e-27,3.4378354285458306e-25,0.16860816752161709,10.704736901574119
ENSG00000252474,RNU6-539P,0.8363236546020586,2.003523511883347,9.820646036503177e-27,3.4835984108546927e-25,0.18718728646759783,10.70330976901125
ENSG00000277138,MIR6509,0.5614721227933772,1.9968202566261948,9.811648516570705e-27,3.4835984108546927e-25,0.18655952777759277,10.703394677363823
ENSG00000206737,RNVU1-18,0.6480935659856575,2.40937641126062,9.988494692209617e-27,3.5392783806992856e-25,0.225138758639309,10.701739788485916
ENSG00000235189,NA,1.4625775735663142,1.8391547528523153,1.0548885239191632e-26,3.7337773564790575e-25,0.17193694891778222,10.696681338295544
ENSG00000226410,NA,0.6301232195747554,1.9145341537691019,1.0719763607178148e-26,3.790135550155335e-25,0.17900886578085465,10.695191801912781
ENSG00000211997,MIR708,0.6990495351250109,2.76656435725847,1.0786251987094552e-26,3.8095027647797135e-25,0.25868751995377476,10.694618579793998
ENSG00000233847,NA,0.8158172987636559,1.8789119642890149,1.0814716609105525e-26,3.8154132522883353e-25,0.17569162263886465,10.694374245442148
ENSG00000278658,MIR6826,0.9833360904221545,1.769478198523635,1.1082192004915846e-26,3.9055421618190967e-25,0.1654938428681003,10.692108950143366
ENSG00000239482,LOC105374042,1.1206465305533455,2.3627910145532454,1.1127125134863283e-26,3.917133402454901e-25,0.22099231746497414,10.691733729285556
ENSG00000260510,NA,1.2946133036657115,1.879995812191734,1.1404812843015337e-26,4.0105486719740856e-25,0.17587399001789875,10.689447666482158
ENSG00000235574,CCDC86P1,0.788279987652631,1.968172696173138,1.168244467993782e-26,4.103742554525026e-25,0.18416139330440154,10.687216581381598
ENSG00000252542,SNORD36C,0.6068855361503104,2.5921565167867926,1.1987739779777927e-26,4.206442282164147e-25,0.24260172549329076,10.68482308407357
ENSG00000225851,NA,3.8871341171896012,-1.8162111085722241,1.2343242978897207e-26,4.32651947863759e-25,0.17002361360475582,-10.682110973092634
ENSG00000264673,NA,1.5735531967018912,2.310825561076743,1.304010322548734e-26,4.560951373318841e-25,0.2164299796651701,10.677012328198368
ENSG00000251630,NA,1.1799705522543342,3.5506310395028717,1.3596680976982775e-26,4.750513843386635e-25,0.33267006690323303,10.673130506014772
ENSG00000263413,MIR4538,1.6708988651992642,2.7189697774332937,1.4001629430470298e-26,4.886748949724655e-25,0.2548141365080922,10.670403984226937
ENSG00000237766,GGTA2P,1.2074260481545336,2.196193496979418,1.4030133304584592e-26,4.891448833135344e-25,0.20582467103322377,10.670215023081044
ENSG00000233411,NA,1.0657842766235235,-2.1828815683703042,1.505429863909058e-26,5.242893213408333e-25,0.20470272270954828,-10.663666508567081
ENSG00000253695,NA,1.0263615142352862,2.3681358791013523,1.517660880068182e-26,5.277559058226335e-25,0.2220908694791608,10.662914169569492
ENSG00000259838,NA,0.8671979142031273,1.6687355081808783,1.5186286517768845e-26,5.277559058226335e-25,0.15649987964120043,10.662854898078555
ENSG00000170262,MRAP,0.8357114522573288,1.8022714121768661,1.549252741232258e-26,5.378238331569145e-25,0.16905277947056635,10.660998404292183
ENSG00000279074,NA,1.2237883550744164,1.7297837216023269,1.6545903955106966e-26,5.737794923792318e-25,0.16234662656565477,10.65487936642024
ENSG00000233797,NA,1.314323869965581,1.9866556118783043,1.7109460268839376e-26,5.926906534875477e-25,0.18650956760430706,10.651762466647993
ENSG00000272634,OR51F5P,0.9553509527348607,-2.5469097183082168,1.8580020652795095e-26,6.429477785043817e-25,0.23927934247403024,-10.644085243525112
ENSG00000206674,RNU6-945P,0.7253396374535086,1.824697074260102,1.8606854091824575e-26,6.431920827830709e-25,0.17143043069726727,10.643950825057276
ENSG00000199509,RNA5SP477,0.9852921909492733,1.780717156158466,2.007951464745468e-26,6.9336141449299985e-25,0.16741013624722265,10.636853873225423
ENSG00000235837,NA,1.502959263335351,2.0099620777030967,2.0484529520961825e-26,7.065967934865815e-25,0.1889951576324128,10.634992466909567
ENSG00000236739,NA,0.9706112626075096,1.9458889258099599,2.0844851256741225e-26,7.182641119483883e-25,0.18299838116669706,10.63336688228629
ENSG00000204822,MRPL53,2.922491060532412,-1.9851902451881098,2.2628136827887572e-26,7.788868092460603e-25,0.1868289337105179,-10.625710941882605
ENSG00000230787,PSAT1P3,0.6833330446199491,2.0235048831761953,2.6077277899498574e-26,8.966614117493548e-25,0.19067244061443575,10.612466472110581
ENSG00000185640,KRT79,1.7309833728430342,-2.6356337290837444,2.689435627475461e-26,9.237799587172312e-25,0.24842008019136352,-10.609584084561348
ENSG00000253515,LOC124906002,0.9239175504678512,2.0893690066582145,3.052309300118267e-26,1.0473155792642087e-24,0.19715210653046467,10.597751367852402
ENSG00000236212,NA,1.930627425720082,4.257079067472786,3.1565805468833837e-26,1.0819520761751601e-24,0.40181559826342456,10.594608785400872
ENSG00000262528,NA,1.8223165585984562,-1.845085567096076,3.399995944270811e-26,1.1641586113183257e-24,0.17426761844593802,-10.58765583388325
ENSG00000221184,NA,3.076698251148099,1.803835688334489,3.623736680718068e-26,1.2394627418548614e-24,0.1704676837952364,10.58168708681015
ENSG00000250030,NA,0.5976982772691922,1.8133584575689143,4.0740614720559646e-26,1.3920280626369372e-24,0.17154559707735278,10.570708245873782
ENSG00000277304,NA,0.7747947305784312,2.0313430183248604,4.2448342297662375e-26,1.4488559058324886e-24,0.192237203604478,10.566856884291164
ENSG00000253875,NA,0.9089086168415229,2.026801999448513,4.3284715258875996e-26,1.4758545261433105e-24,0.191840695374246,10.565026338622232
ENSG00000274092,NA,1.003248503598208,-1.982098770075869,4.4764470787861553e-26,1.5247106866885453e-24,0.1876654808760549,-10.561871905387658
ENSG00000197794,NA,19.46548306212357,-2.248597762623781,4.636257889291147e-26,1.5774915964734564e-24,0.212964047011508,-10.558579225827133
ENSG00000225279,NA,1.3084717962804033,2.0116117557756916,4.666787144561087e-26,1.586219981591254e-24,0.19053028977153352,10.557963031431024
ENSG00000204936,CD177,4534.362883113657,-2.300613066258075,4.7054363721068434e-26,1.5976872057608705e-24,0.21791910158186065,-10.557188651926671
ENSG00000200356,RNU6-833P,1.405450276789266,1.6186638435999168,4.7650116597146684e-26,1.616228355236692e-24,0.15334053906666154,10.556007259738648
ENSG00000133101,CCNA1,93.99893799594872,-2.3786934393863852,5.26629207174871e-26,1.7843952969775213e-24,0.22554104056586483,-10.546610201932339
ENSG00000227108,IGHD1-14,2.1686149228221767,4.424707220364279,5.335541375916356e-26,1.805978042412146e-24,0.41958717974838744,10.545382304143873
ENSG00000252915,NA,1.686188883799018,2.00324986988857,5.363524524734726e-26,1.813562637635875e-24,0.18997350914210034,10.544890595194182
ENSG00000121314,TAS2R8,0.5735109047656328,1.889044417968287,5.634035071712233e-26,1.903051846445021e-24,0.1792217318545829,10.540264277219583
ENSG00000242307,NA,0.8066379522770356,1.8458288042351256,5.699234124219335e-26,1.9230776721224743e-24,0.17513966195612815,10.539182179633869
ENSG00000232591,LINC02642,2.186144471384125,2.320313319669444,6.062652424683433e-26,2.0435850577212717e-24,0.22028221167709805,10.533366729905039
ENSG00000251093,NA,1.052991913180214,-1.9700505300296012,6.816351450660346e-26,2.2952616975888172e-24,0.18722561577939903,-10.522334360223647
ENSG00000199627,RNU6-1010P,1.718230050550899,1.9801090208023797,7.124680342596169e-26,2.3966039522644074e-24,0.18825610873662307,10.518166098783132
ENSG00000230287,NA,0.7168551870739497,1.8966429098387514,7.13314166354222e-26,2.3969714052861707e-24,0.18032260197651237,10.518054248606038
ENSG00000240790,NA,1.193772867069892,1.9796487438452728,7.238361437311508e-26,2.42981858444653e-24,0.18823904786737242,10.516674230312054
ENSG00000277743,LOC100419891,0.4899298915448303,2.0045730039661063,7.588743700178548e-26,2.544810877107297e-24,0.19068982422491793,10.512218006985627
ENSG00000256452,NA,1.212380809025039,1.6584295378692182,8.408721167743653e-26,2.816878291909017e-24,0.15790748272247637,10.502539267147466
ENSG00000218107,EXOSC8P1,0.5825505318441849,2.018890207378474,8.49500035199414e-26,2.842853615737298e-24,0.19224640599480872,10.501575813245582
ENSG00000254638,NA,0.6195913799534566,1.9183849565032973,8.788151550557571e-26,2.9379341586488868e-24,0.1827316396434319,10.498373244210375
ENSG00000207419,LOC124900221,0.6507242848202414,2.157960504419437,8.988175407177298e-26,3.0017183741751864e-24,0.20559350824639264,10.496248265938624
ENSG00000224016,NA,1.2462473533815472,1.7308670888565612,9.039010996839077e-26,3.0155994841557076e-24,0.16491177371704485,10.495715677804654
ENSG00000211814,TRAV35,1.4633869493590659,-2.089750686276773,9.922862743933673e-26,3.307078681707731e-24,0.19927245160305215,-10.486902075353226
ENSG00000267231,NA,0.8079103219306464,2.0839875462849347,1.0085710687252906e-25,3.3579119471337004e-24,0.19875205584741668,10.48536347158505
ENSG00000227742,NA,1.8159678278299607,1.7757035715381178,1.1040216839829065e-25,3.671944512944374e-24,0.16948891377073932,10.476812506687244
ENSG00000239774,TTC14-DT,1.0743653935915276,1.9352291160004989,1.149837483017407e-25,3.820420188722188e-24,0.18478330440784382,10.472965196732085
ENSG00000249167,SEMA6A-AS2,1.2111575852587804,2.215395295950963,1.1533953118643128e-25,3.82833088819616e-24,0.2115405812570183,10.472672821387846
ENSG00000207313,SNORA2B,1.839065840498677,1.9823607410722743,1.1625527445552917e-25,3.854792627410248e-24,0.18930243099259794,10.47192437348989
ENSG00000254224,UQCRB-AS1,0.8211238822917974,1.7505643172770933,1.1846327459353906e-25,3.924005494886598e-24,0.16719582835321561,10.470143510870829
ENSG00000254813,LINC03019,0.7067786435478697,2.061036370368431,1.4280505504197488e-25,4.725496266943397e-24,0.19718234371433122,10.452438750572751
ENSG00000224367,NA,2.2618195918788886,2.364372253865974,1.676342208548163e-25,5.5414694471193745e-24,0.22653258518297478,10.437228056865305
ENSG00000142623,PADI1,0.6603651168555944,-1.9792614888867819,1.7010638760681973e-25,5.617482818349881e-24,0.18966004603361097,-10.435837859788473
ENSG00000175800,OR52B3P,2.836054206322219,-1.5836577702030665,1.7488524497418493e-25,5.7694394001219956e-24,0.1517901316385191,-10.433206382444357
ENSG00000211951,IGHV2-26,297.17296135523935,-1.8621564904680221,1.755354817788326e-25,5.785023456232895e-24,0.178489655593567,-10.43285384957142
ENSG00000206926,RNU6-1024P,1.395861783597155,1.7564970724560995,1.8592491427759467e-25,6.1212202546777316e-24,0.16845030709460215,10.427390146992407
ENSG00000277586,NEFL,6.212712026714698,-2.761513911225664,1.915588671650402e-25,6.300330466273436e-24,0.26490479111041204,-10.424552533195476
ENSG00000238118,SLC25A24P2,0.9212162435100063,2.2041486326944004,2.082780906082915e-25,6.84330275889546e-24,0.21159973760636744,10.416594357005826
ENSG00000243953,LOC105374171,0.551522684893912,-2.109747625910758,2.140187939997798e-25,7.024826772174407e-24,0.20258749378482874,-10.414007234580597
ENSG00000211664,IGLV2-18,366.51765248773717,-2.016482791602399,2.183743771650165e-25,7.160566270588364e-24,0.1936674411832018,-10.412089813769395
ENSG00000226999,NA,1.4270345746245578,2.007900030862495,2.21236557283478e-25,7.247112522977818e-24,0.19286609294643697,10.410850347967237
ENSG00000254471,LOC646112,0.8818065408084745,2.0800233244774295,2.4412535188275084e-25,7.988842501048409e-24,0.1999738863484853,10.401474724818161
ENSG00000231689,LINC01090,0.5181773881460052,2.005286914872214,2.4859706160999208e-25,8.1270002211556e-24,0.1928207737329754,10.399745193685416
ENSG00000235044,NA,0.9839382778616786,1.7410646665147502,2.6792540105075097e-25,8.750077756404445e-24,0.16752914069614455,10.392607872755706
ENSG00000224468,LAMC1-AS1,4.934141850407101,1.8657707980251645,2.9555325535448657e-25,9.64268434320034e-24,0.17969052063201876,10.383245546079774
ENSG00000214188,ST7-OT4,0.8241258248921,1.7927460999432736,3.1741818737613364e-25,1.0345670139249374e-23,0.1727709626952057,10.376431733531234
ENSG00000280116,NA,0.6703876997293469,1.9382594236518915,3.1893114918908806e-25,1.0384576997820477e-23,0.18680258360072827,10.375977603150961
ENSG00000253500,NA,1.2975925916281652,2.4045464698618035,3.6773621392021645e-25,1.1949773792604198e-23,0.23204600062563685,10.362369803309358
ENSG00000254186,NA,1.560672011575145,2.6438708438384575,3.728597205797858e-25,1.2104172645727817e-23,0.2551741106604177,10.361046569324134
ENSG00000238269,PAGE2B,38.38523923134588,-1.8283824957162145,3.826643072535459e-25,1.2410074363253582e-23,0.17650926538081066,-10.358563850863936
ENSG00000215512,NA,0.6896884721866254,2.7826343308914185,3.8353045295206423e-25,1.2425775471737795e-23,0.26863689537615887,10.358347564265268
ENSG00000278236,NA,1.3221959838934336,1.8060563612117186,3.899619763178858e-25,1.2621575289222079e-23,0.17438436039088534,10.356756518551402
ENSG00000268812,LIF-AS2,1.1073540925832355,-2.651318345978539,4.01849071557132e-25,1.2993386281918878e-23,0.2560699509002114,-10.35388313489285
ENSG00000271454,NA,1.6731852244159762,-2.509018204767712,4.1463123299847515e-25,1.3393371148931877e-23,0.24239647028371147,-10.350885892979575
ENSG00000206791,RNU1-129P,0.6602962171661554,1.9574435559563943,4.655554779654272e-25,1.502340137624942e-23,0.1893117280205657,10.339790230765573
ENSG00000160882,CYP11B1,1.5602147846296681,-2.563125345741097,4.736083028128632e-25,1.5268117813574642e-23,0.24792890248352234,-10.338146622140778
ENSG00000240625,RN7SL403P,1.554584533282808,1.5682021368173777,4.894274294776391e-25,1.5762470718860044e-23,0.1517370674908276,10.334996996776509
ENSG00000234418,NA,0.9044400993838198,2.0818631804101453,4.925450528690422e-25,1.5847186429005147e-23,0.2014500658529713,10.334388184958932
ENSG00000171246,NPTX1,19.32128069914824,-2.6786057664891687,5.018617599668451e-25,1.613098747846002e-23,0.259238528483632,-10.332591309467691
ENSG00000140488,CELF6,4.988517891852169,-1.9762464755428861,5.029954891285466e-25,1.6151468183981602e-23,0.19126739907438176,-10.332374911285044
ENSG00000219361,RPSAP72,0.7373872536688418,1.854615381647142,5.255657003197837e-25,1.685956715976521e-23,0.1795687283235601,10.328164591695275
ENSG00000199977,LOC124904362,1.0163027255056694,1.8780524455173762,5.520329613601524e-25,1.7691160755786245e-23,0.18192101320369908,10.323449789796953
ENSG00000249328,LOC101927040,1.0734236324894122,1.8991837513943142,5.83414818721815e-25,1.8678461834038582e-23,0.18406258029919412,10.318141516364635
ENSG00000254944,NA,0.6215722207847597,-2.8728616909705025,6.1819741431056445e-25,1.9772591438243894e-23,0.27857839475727136,-10.312578954565593
ENSG00000157965,NA,0.4354590881779287,2.0793833200666767,6.322345246916826e-25,2.0201694124922447e-23,0.20167781984562907,10.310421451691148
ENSG00000243635,NA,0.8084704639170595,1.8894219449979852,6.390857030869983e-25,2.0400568940151014e-23,0.1832720219844112,10.309385603650382
ENSG00000258084,NA,0.5291473385675087,2.3562317309306047,7.594551959828338e-25,2.4219175112676095e-23,0.2289206665224404,10.292787308041628
ENSG00000282828,NA,1.0068425934615088,-2.4126701340048116,7.869733340407318e-25,2.5072153388518042e-23,0.2344820308143258,-10.289360449608525
ENSG00000279075,NA,0.48503572101097586,1.9335241686379796,8.297346169129658e-25,2.6408618022451028e-23,0.18800802348504508,10.284264111695105
ENSG00000270880,ATP5PBP8,0.7761595315528976,1.8900897412329838,8.973743577154761e-25,2.8533522099480947e-23,0.1839197066511723,10.276711373935504
ENSG00000229859,PGA3,1.2034766989165755,-2.5051002922898196,9.38741307112332e-25,2.981970433374017e-23,0.2438679079567047,-10.272365532961247
ENSG00000254185,NA,0.9093318830661195,1.971183321282517,9.837789199656135e-25,3.121986410599168e-23,0.19197634670224706,10.267844737871785
ENSG00000212807,OR2A42,1.5107419598539331,2.1242698080649176,1.1519311954291976e-24,3.6520485306940485e-23,0.20719312368832749,10.252607665012926
ENSG00000229405,LOC100130731,0.5504803873879123,-2.187756829054791,1.3507752140542074e-24,4.278287844474709e-23,0.21370638589978785,-10.237208494465316
ENSG00000261170,LOC107984827,1.152447907753555,1.8280058081727992,1.4810803131688362e-24,4.686437784703882e-23,0.17872052955745749,10.228292254388757
ENSG00000249532,MIR302CHG,1.2095741309352983,1.5382238262113166,1.5391467222138728e-24,4.865438734710676e-23,0.1504439128124208,10.224566733578863
ENSG00000073146,MOV10L1,3.9418596128014225,-2.2562862277084315,1.5795105415027278e-24,4.98818630038842e-23,0.22072719529660398,-10.222058159514637
ENSG00000224207,NA,0.9287815050999951,-1.8891667647918604,1.72076728685182e-24,5.42901244488031e-23,0.1849630290781115,-10.213753387408296
ENSG00000260844,NA,1.764515675149258,-1.9764082280840738,1.7332323310900933e-24,5.463040820319627e-23,0.1935178613077642,-10.213053279567108
ENSG00000266667,NA,1.0799426900323574,1.815391937179649,1.7477795600838913e-24,5.503559877096691e-23,0.17776623854829832,10.212242504565426
ENSG00000180909,OR52B1P,1.109963783111715,-2.2624037207257155,1.794261874986557e-24,5.644463275586338e-23,0.2215936430191396,-10.209695954726941
ENSG00000261272,MUC22,0.7544931652335597,-2.070904351152706,1.8511543337443414e-24,5.81781141720154e-23,0.2028972274228695,-10.206666584145175
ENSG00000233860,NA,0.4961291056224765,2.2643688590991893,1.8850830765756915e-24,5.918724161665453e-23,0.2218902748806015,10.204903573703891
ENSG00000214646,NA,1.214752582275829,1.8273226988550617,2.095389870159342e-24,6.572694474112158e-23,0.1792436352336557,10.194630880326814
ENSG00000270751,FBXW7-AS1,1.653415481429139,1.9231616603745023,2.1606449437953963e-24,6.770853442367692e-23,0.18869972756901862,10.191650434000168
ENSG00000259974,LINC00261,0.7472310749902666,-2.3976360535222403,2.2976680730441012e-24,7.193315407120167e-23,0.2353930155791193,-10.18567202439512
ENSG00000196542,SPTSSB,1.6993726614619062,-1.9214179472951463,2.8434982260237454e-24,8.893587528471191e-23,0.18902436893699856,-10.164921899226396
ENSG00000236770,NA,0.7797607725874681,-2.1776997011201877,2.880347507198589e-24,9.000186716057224e-23,0.2142631878359144,-10.163667044793057
ENSG00000253679,LINC02844,0.6462804890458157,2.1368200584907164,3.0744201513337433e-24,9.597383750727832e-23,0.21037263514497406,10.157309942037708
ENSG00000225825,IGHD6-25,0.8007976868214108,2.968829832996601,3.1879221058213197e-24,9.942160139804015e-23,0.2923868392574782,10.153773817371532
ENSG00000172031,EPHX4,2.2823277778376903,-2.3428723770849755,3.214366609063442e-24,1.0015030369694985e-22,0.23075739107187176,-10.152967868991308
ENSG00000166869,CHP2,0.6474080909983713,-2.3006576191002033,3.224843510698826e-24,1.00380583460298e-22,0.22660660349924897,-10.152650379881045
ENSG00000184321,OR51J1,1.2939192995884221,-2.27242711697225,3.345783972171993e-24,1.0404556505431222e-22,0.22390523282777042,-10.1490576538701
ENSG00000223523,NA,1.226852940413559,2.6278720418258152,3.4873304923929564e-24,1.0834373090406694e-22,0.25903092670757866,10.145012702643161
ENSG00000277590,MIR7845,1.6489751975136264,1.5638969435737509,4.423791684733755e-24,1.373063892376141e-22,0.15450837021850128,10.121761956081299
ENSG00000251614,NA,1.1468690753699415,1.8584818241840797,4.623356015325187e-24,1.4336370301858692e-22,0.18369085955736808,10.117443125163565
ENSG00000222051,RNU6-1165P,1.131640873150828,1.6256912887894466,4.674526866129001e-24,1.4481239038232775e-22,0.16069914576825509,10.116365466770201
ENSG00000228462,RPS19P7,0.9146648779271712,1.7038700931626092,5.353093629565843e-24,1.65675955834936e-22,0.1686484892848883,10.103085419783147
ENSG00000233985,LINC01681,0.5873354256572286,2.197619935347322,6.056881147102934e-24,1.8727968626707627e-22,0.21778086917397196,10.090968704839616
ENSG00000210196,NA,23.34175376227029,1.9615522881042453,6.2671405488654376e-24,1.9341323318168402e-22,0.1944514706822406,10.087618680496796
ENSG00000100033,PRODH,1.987157027918121,-2.050911457105429,6.338124967944839e-24,1.9541851086000922e-22,0.2033320633250865,-10.086512788818949
ENSG00000201342,RNU4-38P,1.5185745381317013,1.5596040925121921,6.5045461686953865e-24,2.0035973274178365e-22,0.15466175449031275,10.083967414257401
ENSG00000197308,GATA3-AS1,0.932909495242076,-2.142508436508463,6.797984150904142e-24,2.0920040535535471e-22,0.21255818785740865,-10.079632584870037
ENSG00000236086,NA,1.735998332933018,1.5253499174259655,6.92974978657558e-24,2.1305378171808175e-22,0.15135824138609746,10.077746037858443
ENSG00000173239,LIPM,2.2062191607645727,-2.3076159841982715,7.640376431546409e-24,2.346800420824755e-22,0.2291996659082354,-10.068147242073952
ENSG00000215378,NA,1.4943355154859335,-2.6928207787907765,8.33252523708545e-24,2.556984725584109e-22,0.26768631959242534,-10.059612993636806
ENSG00000237768,NA,1.6039795480176628,2.0690890143609706,1.0427835413009159e-23,3.196952217854495e-22,0.2061357894075368,10.03750498789086
ENSG00000237922,NA,0.5427574518251173,1.8809899556282204,1.1734341248340425e-23,3.5907304997743873e-22,0.18761398025291295,10.025851768042832
ENSG00000188257,PLA2G2A,3.084199851429825,-2.609053901027358,1.2065741897418202e-23,3.688669665782136e-22,0.2603040778306192,-10.023100378493028
ENSG00000223431,MTND6P21,0.8516535693691936,1.8900235776856171,1.2617503551796818e-23,3.8537291599328347e-22,0.18864993352205264,10.018681387262077
ENSG00000118526,TCF21,0.5970945790993147,-2.4388460681022974,1.3523008471501222e-23,4.1264204461631493e-22,0.24359647569757084,-10.011828213517203
ENSG00000242580,IGKV1D-43,53.03047131441286,-2.007080634722846,1.3588014537307149e-23,4.141139023793675e-22,0.2004804408693493,-10.011353855864854
ENSG00000264139,MIR3667,0.5370675451326582,2.4310966129100535,1.359670584546128e-23,4.141139023793675e-22,0.24283548534486699,10.011290604655617
ENSG00000258766,DIO2-AS1,0.5014138205846239,1.9976593959918127,1.3838278900467395e-23,4.2107720867577495e-22,0.1995753772685535,10.009548388846152
ENSG00000232623,MRAP-AS1,0.6222690084637961,1.7553083744913656,1.4216839467526127e-23,4.321919198127943e-22,0.17541019204363245,10.006877901682822
ENSG00000261231,LINC02133,1.8041046228584263,1.9562316992389317,1.5526679682105065e-23,4.715703423898352e-22,0.19565931995104305,9.998152399427795
ENSG00000095981,KCNK16,0.6951804187731387,1.9542861305592831,1.5704337980350907e-23,4.765211808067671e-22,0.19548676121363046,9.997025468254671
ENSG00000113525,IL5,0.8388999237153393,1.797726621428235,1.6126557220804134e-23,4.888766572957287e-22,0.1798734436293564,9.994397089170063
ENSG00000224402,OR6D1P,1.0195951059532053,1.994109250971158,1.705522058554327e-23,5.165476864120592e-22,0.1996335559393793,9.988848025011833
ENSG00000225230,NA,1.4689039855077022,1.5535596256791733,1.7243847417949323e-23,5.217747616847029e-22,0.15554638941954657,9.987757552435651
ENSG00000236170,IGHD1-1,1.3230275991606442,2.7408670895720926,1.729552860531268e-23,5.228521881725008e-22,0.2744308221817337,9.987460839063603
ENSG00000237787,LINC02877,1.0137546718143298,2.277686585177268,1.7794122191604796e-23,5.374254472131113e-22,0.2281189906094357,9.98464257224824
ENSG00000253166,NA,0.5405084982726758,1.8211775375498356,1.79081568589015e-23,5.403678351635881e-22,0.1824094448354614,9.984008992476188
ENSG00000235156,NA,0.6676057252846826,1.8040250204231205,1.8017936728393266e-23,5.431765022253718e-22,0.1807024171766252,9.983402815579385
ENSG00000163218,PGLYRP4,1.4531928172824349,-2.3060413910540207,1.9703447392935523e-23,5.93438645182784e-22,0.2311930157415184,-9.97452878780842
ENSG00000244268,NA,1.2956938719965265,1.6062099658720843,2.07122682915098e-23,6.232457566940155e-22,0.16111125103134105,9.96957044023963
ENSG00000200742,NA,0.8701644173787427,1.7882926229868283,2.08026245205315e-23,6.253861094305439e-22,0.17938287241327586,9.969138072819039
ENSG00000259962,NA,1.089447689910681,-2.184002975411511,2.169816399557282e-23,6.517062589547486e-22,0.21916846920766325,-9.964950630476672
ENSG00000255910,NA,1.1064119446303222,1.9718263155741187,2.2223482711877538e-23,6.668684922988493e-22,0.1979233948663499,9.962573231454611
ENSG00000241493,NA,1.3206301861864684,1.8652378029715377,2.307971286980041e-23,6.919234103491868e-22,0.18729515509503045,9.958815015931123
ENSG00000227018,NA,0.7873315065265499,1.911642743004992,2.3365165195830526e-23,6.99836181850806e-22,0.1919784024680696,9.957592720998614
ENSG00000228391,NA,1.695953089756633,4.071695588105324,2.4594193342431536e-23,7.359704885396624e-22,0.4091131070561268,9.952493620662029
ENSG00000232519,NA,1.4105873458309401,1.5066269724525276,2.5463540194388634e-23,7.612849590469426e-22,0.1514344534848909,9.949036944904012
ENSG00000128849,CGNL1,10.270012466200914,-2.145581132376082,2.6419139254876206e-23,7.8912925774344645e-22,0.21573669072449692,-9.945369631705633
ENSG00000277948,NA,1.4340054231740018,1.5215154478715076,2.8587322264808155e-23,8.531086409446603e-22,0.15310826220600968,9.937513664835956
ENSG00000234993,CUBNP2,0.900810992207993,1.8702077188326003,2.9060636648914043e-23,8.664384866323337e-22,0.1882277383329878,9.93587733346758
ENSG00000283491,NA,2.873222380389334,1.6663996756459316,3.0445440209200165e-23,9.068949442535376e-22,0.16779376538511426,9.931237145917017
ENSG00000108452,ZNF29P,0.7079872279609786,1.8013100385592435,3.2435537099833044e-23,9.65291080314153e-22,0.18149361682697746,9.924922264767465
ENSG00000234718,RPL23AP51,1.2406265846302897,1.7110514461582063,3.361041922451102e-23,9.993416056077646e-22,0.17246117373791,9.92137191851946
ENSG00000221669,MIR548N,0.6016649524946033,2.581346202754305,3.748574123979413e-23,1.1125330210292185e-21,0.26046643002611974,9.91047561290507
ENSG00000187048,CYP4A11,0.9216032104099522,-2.484644733238434,3.7803692766215906e-23,1.1209466894252243e-21,0.2507302788153993,-9.909631756393328
ENSG00000250697,LOC124900637,0.966331630883035,1.8914956691372238,4.145271630654353e-23,1.228027282349042e-21,0.19105204789598249,9.900420801388327
ENSG00000207457,RNU6-476P,3.3597550519717814,1.7302438050875129,4.447517475328502e-23,1.316368047656829e-21,0.17488904410548892,9.893380193923816
ENSG00000251062,NA,1.0337290375680575,1.8987875447785845,4.890107012738576e-23,1.4447357030913752e-21,0.1921094957062216,9.883881782097099
ENSG00000224141,MIR548XHG,0.871532393223538,2.768835860290673,4.9795428191187506e-23,1.4698236735053967e-21,0.2801879501756527,9.88206615793028
ENSG00000252615,NA,0.6427282140995816,1.8991082388390061,5.0293114556086836e-23,1.4831681144881165e-21,0.19219662325039388,9.881069743690796
ENSG00000211720,TRBV11-1,1.2232899896187097,-2.324825920104516,5.134772249161532e-23,1.5128973887746948e-21,0.23533031968133086,-9.87899019239274
ENSG00000253428,NA,1.3157700367445428,1.9226213317568377,5.699662806947447e-23,1.6778156722568918e-21,0.19482357923192684,9.868524843535813
ENSG00000203786,KPRP,1.2364269018805922,-2.351759356668123,5.769929185566934e-23,1.6969643449197218e-21,0.23833879780027506,-9.867295540522395
ENSG00000255481,OR56A7P,1.2603785658493556,-2.153593242776394,5.922626425704433e-23,1.7402998407887422e-21,0.21831366615730002,-9.864674441519755
ENSG00000232347,NA,1.0341579250732704,2.0020648010304853,6.033791706385001e-23,1.7713644099755535e-21,0.20299135916116115,9.862807999827144
ENSG00000197575,RPS17P2,1.0391290781954756,1.6931317156712726,6.478813569010368e-23,1.9002961927210932e-21,0.1717927893025957,9.855662292606423
ENSG00000254391,NA,0.7316113467919089,2.1503738894156323,6.58330734026058e-23,1.9292055960720372e-21,0.21822223401971036,9.854054968667425
ENSG00000259594,NA,1.8013487091079188,2.13722836557252,6.763859136877851e-23,1.980331323171582e-21,0.21694806594153282,9.851336338478813
ENSG00000224652,LINC00885,2.567085313347674,-1.9122002360009023,6.814855927646191e-23,1.9934679281877274e-21,0.194120544266729,-9.850581468458415
ENSG00000232633,NA,1.0011683224729417,1.9474860910504475,6.960072082575273e-23,2.034117023378333e-21,0.1977451966774031,9.848462181498805
ENSG00000211765,TRBJ2-2,1.7498958249350305,-2.068650243588019,7.207922869524599e-23,2.104661715438924e-21,0.21012310542350476,-9.844944178883319
ENSG00000211713,TRBV6-4,1.359942574329962,-2.241764188929491,7.277997641903341e-23,2.123217105792214e-21,0.22772965650896007,-9.843971238947038
ENSG00000240298,NA,1.6464351715352474,2.285133722739109,7.558274213380934e-23,2.2030066631976256e-21,0.23222501633677275,9.840170360566184
ENSG00000145642,SHISAL2B,1.0962184335994407,1.738269633410531,7.774180048191577e-23,2.2639080448305782e-21,0.1767012496446903,9.83733639069238
ENSG00000126251,GPR42,2.4847932187665354,-2.416701526989297,7.963352714411433e-23,2.3169225142609577e-21,0.2457266914221007,-9.834916642563552
ENSG00000253959,LINC01863,0.6561996349222865,1.9422398081746408,8.015478302143274e-23,2.330004273566724e-21,0.19749730328921583,9.834259890275145
ENSG00000211717,TRBV10-1,0.9130862753138853,-2.1125946669766593,8.149660209918209e-23,2.366894172394817e-21,0.21485640934103872,-9.832588534156157
ENSG00000260433,LINC01917,0.6448157545159144,1.9856377474254825,8.433340771263878e-23,2.4470982034582643e-21,0.20201534960890596,9.829142940225095
ENSG00000264672,SEPTIN4-AS1,2.0868154626083033,1.7460579490104775,8.674432941705462e-23,2.514812430729013e-21,0.17769224432229141,9.826303650279437
ENSG00000226965,NA,0.6103288771930298,2.1556927517774858,8.862500376107677e-23,2.567047303953967e-21,0.21942808161792088,9.824142543118457
ENSG00000211855,TRAJ34,0.5075129761659546,-2.064264191466046,9.30125964297787e-23,2.6917381998824216e-21,0.2102257828927161,-9.819272227515002
ENSG00000226017,PRICKLE2-AS3,0.5609266462467345,1.8588905507039903,9.329080809749195e-23,2.697389694040194e-21,0.18931622546287535,9.818971121778024
ENSG00000277479,NA,0.8029840085474438,1.788382827785373,9.397016605074767e-23,2.714619503817691e-21,0.1821490312422281,9.818239578815655
ENSG00000157005,SST,0.5424830612353441,-2.530280540123611,9.553588809115453e-23,2.7574013911526836e-21,0.25775598624879265,-9.81657332947961
ENSG00000210164,NA,0.59418822317908,-2.218649314618052,1.0271577191545028e-22,2.9615145195566418e-21,0.22617899677149972,-9.80926322199347
ENSG00000261431,NA,0.9138451494718404,1.9270312808902101,1.0278990078023392e-22,2.9615145195566418e-21,0.19645161311282175,9.809190417711257
ENSG00000251490,NA,1.5467942445244003,3.9397396656338812,1.0360691398815745e-22,2.9824121223068898e-21,0.4016703140522641,9.80839142899979
ENSG00000252929,RNU6-218P,0.8634401204378219,1.842152697045946,1.0464071537660945e-22,3.009507683262911e-21,0.18783313638823376,9.807389326867153
ENSG00000171431,KRT20,2.0003112078556864,-2.951267541717091,1.1296826836292869e-22,3.2461411955029545e-21,0.30116028072628687,-9.799657294115041
ENSG00000256733,LINC02954,1.178657862126756,2.033132267725669,1.1918722158074507e-22,3.421819897244903e-21,0.2075844286598206,9.794242664788063
ENSG00000249061,NA,0.4509634308883048,1.9029636488038124,1.2308176995845496e-22,3.530514826462631e-21,0.19435860640699631,9.79099245452972
ENSG00000234183,H2AZ2-DT,1.2870239922825562,1.6619162719993563,1.3070407284429757e-22,3.745852054166794e-21,0.16984471933712295,9.784915765915787
ENSG00000268266,NA,1.0928596847848837,1.9433097337093557,1.3142869506445904e-22,3.7633033389583835e-21,0.1986139551074853,9.78435645500177
ENSG00000230087,LOC100418885,1.0833965454642764,-2.3095751679780183,1.3540667101435724e-22,3.873797884569052e-21,0.23612054398808974,-9.781339348830725
ENSG00000279275,NA,0.6688675307497483,-3.0481212427201405,1.4063151556369915e-22,4.016208901014931e-21,0.31174830015187044,-9.777507178820947
ENSG00000227666,NA,1.1013870869735374,1.7497838747457446,1.460884514367108e-22,4.168390480994149e-21,0.17903070448764904,9.773652400873273
ENSG00000233870,NA,2.592985468505487,1.654247340226783,1.4735768390265268e-22,4.2009208956928014e-21,0.16927097238369304,9.772776258867568
ENSG00000268392,NA,1.2958386276664757,1.7198705856111758,1.5252325845266399e-22,4.344375263527368e-21,0.17604875101667103,9.769285926080281
ENSG00000236235,NA,1.2947419474584516,3.673880165777516,1.534940360660806e-22,4.368201229359116e-21,0.3760890988219551,9.768643061671865
ENSG00000233977,NA,1.2953942527130538,1.81275022596223,1.6002554724017248e-22,4.550097028521268e-21,0.18564853707664192,9.764419663667299
ENSG00000242199,RPS26P22,0.7462258340603971,1.6918225728502259,1.6179286718943535e-22,4.596330466321356e-21,0.17328377680519944,9.763306202358017
ENSG00000199866,NA,2.3266769954009194,2.1205651932559704,1.6927061200164566e-22,4.804567597896623e-21,0.2172994212874266,9.758724531765104
ENSG00000203523,TAS2R2,0.537194640592286,1.9693155949081502,1.696915446231626e-22,4.81231609721206e-21,0.2018057202870597,9.75847261468548
ENSG00000278147,NA,1.239664938956277,1.9754602295421064,1.7173504297924124e-22,4.8660256777254e-21,0.20246058440321946,9.75725835902849
ENSG00000229154,KCNQ5-AS1,1.568621004288089,1.8505219910100914,1.737909430415065e-22,4.919992859229002e-21,0.18967940774445982,9.756051081217812
ENSG00000165061,ZMAT4,0.8995677866534508,-2.507129959335591,1.7446302155192676e-22,4.9347244913400635e-21,0.2569923605450236,-9.755659483490195
ENSG00000275178,NA,1.3862996337396345,-1.8897474124916844,1.7708872121310961e-22,5.004641115221572e-21,0.19373790870685428,-9.754143755887599
ENSG00000207325,RNY1P4,1.0277722675953542,1.682125477559357,2.0238593765149435e-22,5.7145918228540004e-21,0.1726924494558792,9.740584969750628
ENSG00000259341,NA,1.4599952368074898,1.9624724550578758,2.593458496854266e-22,7.310226861843636e-21,0.2019970062133624,9.71535416215518
ENSG00000256379,NA,0.8480337326285604,-2.213014817644099,2.629061049645613e-22,7.404164313668616e-21,0.22781786807065355,-9.713965091437748
ENSG00000280307,NA,0.8775609125664884,3.11131784976729,2.767278113282595e-22,7.786680144364727e-21,0.3204655588112895,9.70874330866685
ENSG00000282420,TRBJ1-2,1.576361418690794,-1.930073336592938,2.8641364789132822e-22,8.052258546766745e-21,0.19886929103936135,-9.705235667637226
ENSG00000227076,NA,1.64478830092982,-1.8025280003309865,2.8788091522905878e-22,8.079543063477846e-21,0.18573735340122768,-9.704714573148818
ENSG00000228950,NA,0.661839446452398,1.8380466645078906,2.876998570605684e-22,8.079543063477846e-21,0.18939604035188196,9.704778732928915
ENSG00000252904,LOC124900212,0.6724750059213889,1.9535289172748478,2.8995730453500293e-22,8.130802760271186e-21,0.20131209977899908,9.703981625642157
ENSG00000266992,DHX40P1,0.5477678075567479,-2.12992173689501,2.971812950623837e-22,8.326195663901134e-21,0.21954625544922682,-9.701471485072013
ENSG00000227689,SRP68P2,0.75558990048153,2.1083713999901383,3.0942060593035545e-22,8.661646703702756e-21,0.21741719794173409,9.697353383034416
ENSG00000131686,CA6,2.830897601998855,-2.1896253123169926,3.261703966683181e-22,9.122674688587318e-21,0.22592155663007898,-9.691971607216997
ENSG00000232398,TMPRSS11CP,1.498443723089629,1.5546030335218441,3.351104696033776e-22,9.364667830978236e-21,0.1604468295299041,9.689210052181785
ENSG00000227375,DLG1-AS1,1.847232686217806,1.8436070469869366,3.485308777622313e-22,9.731341108884e-21,0.19035304747004875,9.685198485078208
ENSG00000258602,LINC01629,1.3085509934274906,-2.1456285278516773,3.49143933262308e-22,9.740097651077491e-21,0.221540974679201,-9.685018904329647
ENSG00000258380,NA,0.9657577493683807,1.6722063975588477,3.7400809530952945e-22,1.0424794622303662e-20,0.17278453012107212,9.677986775709106
ENSG00000271821,NA,0.8935117643940677,1.6274568943340117,3.856054961339111e-22,1.0738848953975908e-20,0.1682149704043903,9.674863601150307
ENSG00000239553,RN7SL12P,0.4672116195156861,1.8994354308627959,3.8745940013567464e-22,1.0781248389746129e-20,0.19633679978676563,9.674372980132633
ENSG00000255382,LINC02734,1.441776373582041,1.6599722668983878,4.178218354396214e-22,1.1616161250581201e-20,0.17172152231147275,9.66665240649037
ENSG00000281708,ERC2-IT1,0.893963258017867,2.3267869215706103,4.246493494997686e-22,1.179589585015241e-20,0.24074377962105606,9.664992903380934
ENSG00000253943,KRT18P37,0.6508343594089945,-2.9714743524513185,4.513429347465805e-22,1.2526691963683251e-20,0.30764589084949723,-9.658748713484318
ENSG00000211865,TRAJ24,0.43378381185200465,-2.0866880608599225,4.659955419351504e-22,1.2922338438249421e-20,0.21611449498899807,-9.65547480267879
ENSG00000273762,VN1R76P,0.7012623656034149,2.2086571861251243,4.811293424109204e-22,1.3330643313409216e-20,0.22882425761549258,9.65219863112794
ENSG00000132703,APCS,0.6127116407313661,-2.3960212190230745,4.9556879975671315e-22,1.3719031419988396e-20,0.24831380230447378,-9.649166485257055
ENSG00000254440,PBOV1,0.5918654838931124,1.9026929739369245,5.156645746342445e-22,1.4263211975937674e-20,0.1972706502917037,9.645088973567109
ENSG00000207234,RNU6-125P,1.0842160423860225,1.804876581593044,5.569147305008345e-22,1.5391098006568517e-20,0.18728244880016817,9.637190207390237
ENSG00000206995,NA,0.6590789799863622,1.756829591291005,5.638359260537497e-22,1.5569146861355153e-20,0.1823208626820178,9.635921887639686
ENSG00000261404,PSMD7-DT,1.464682257821702,1.6190487512195886,5.682471422388563e-22,1.567764465033547e-20,0.16803615238359937,9.635121539343285
ENSG00000250997,NA,0.7660371853858493,2.931315325058867,5.84516686171105e-22,1.6112846413367545e-20,0.30432389869671334,9.632221910971873
ENSG00000228604,NA,1.4567298871029202,1.6259508339926523,6.45343358844431e-22,1.7759499810906642e-20,0.1689818134038581,9.62204630924815
ENSG00000233242,LOC105376034,1.1298037658020197,1.904331352497137,6.544458917411282e-22,1.799477258373239e-20,0.19794297728490587,9.620605785655988
ENSG00000271018,NA,0.7722106983589864,1.716460922501443,7.08664886847872e-22,1.9469131283266538e-20,0.17856707088256407,9.612415738343415
ENSG00000258969,LINC02307,1.4787054107172737,3.8754239522752436,7.172416098833042e-22,1.9688130874501368e-20,0.403220525329746,9.611177280982897
ENSG00000212280,RNA5SP256,0.6297105972067847,2.637321788584557,7.43365372388254e-22,2.0388017565805335e-20,0.27450674936157593,9.60749342126637
ENSG00000273461,NA,0.6678051188280041,2.034678415658812,8.066909869676242e-22,2.2106187383389116e-20,0.21196620580392406,9.599069851450558
ENSG00000259918,NA,1.428436175468308,1.5869331192378135,8.2741576304609625e-22,2.2655033619834527e-20,0.1653666037819855,9.596454682772464
ENSG00000255909,NA,0.8354888983568375,1.701562270862733,8.760067376771409e-22,2.3965304594753607e-20,0.17742036932268548,9.590568869620576
ENSG00000235635,NA,1.4982245883606424,1.8978286717589752,9.222927559793236e-22,2.5205652740896363e-20,0.1979945880431576,9.585255286600555
ENSG00000253961,NA,0.9948998964306194,1.782390722382042,9.228951184950679e-22,2.5205652740896363e-20,0.18595261177018682,9.585187889615902
ENSG00000276203,NA,0.6108128822138721,2.019204750818502,9.770224093230466e-22,2.6661564538976562e-20,0.21078827931043875,9.579302783930956
ENSG00000234478,NA,2.6891139697434667,1.62821438178814,9.95831051166087e-22,2.71520473028755e-20,0.17000707520007352,9.577333060238637
ENSG00000145194,ECE2,3.878453105231324,-2.190232046487844,1.003707560508971e-21,2.7343885702040043e-20,0.22870857575879047,-9.576519110493662
ENSG00000259404,NA,1.2988530163531262,1.9239914471797144,1.0917885920743599e-21,2.9718576839326175e-20,0.20108975272899537,9.567824422026312
ENSG00000234810,NA,1.565898480841088,-1.8169316098528736,1.1170545101405252e-21,3.0380893901213215e-20,0.18994715707473303,-9.565458298162461
ENSG00000253553,NA,1.3566205350452822,2.488325413591718,1.19647023438737e-21,3.251360382970123e-20,0.26032997032009625,9.558351697010242
ENSG00000122136,OBP2A,2.253088660505657,2.5625560465506974,1.2771307145417913e-21,3.467655082021318e-20,0.2682856323351953,9.551596275379545
ENSG00000223601,EBLN1,2.4716219271839583,2.4963412762337285,1.2951220697663702e-21,3.513572200613886e-20,0.26139296474990825,9.550147145781606
ENSG00000201724,NA,0.6947339615488944,1.9712583668183805,1.3298586508375204e-21,3.604803516203572e-20,0.20647059778717,9.547404753728445
ENSG00000279735,NA,0.9072091391988529,1.9325715249776774,1.3840057574639676e-21,3.74845456109808e-20,0.2025062577444891,9.543268176018968
ENSG00000234906,APOC2,2.163651788362239,-2.20074611530565,1.4085423087763091e-21,3.811735792002977e-20,0.23065121150454249,-9.541446155648345
ENSG00000105141,CASP14,1.7986293495647394,-2.1268645102517074,1.531755666263303e-21,4.138284743539263e-20,0.22311140151680156,-9.53274685109063
ENSG00000232162,NA,0.5681911870525707,1.8314907563713687,1.6316294632354885e-21,4.404451716192861e-20,0.19225849040428583,9.5261892076655
ENSG00000255307,OR52B2,1.7787568821932342,-1.884588369572804,1.772410835230058e-21,4.780512408653676e-20,0.19801108256556527,-9.517590354816532
ENSG00000226755,NA,0.8427206173756246,1.8873107260850177,1.795927078069339e-21,4.839926760185539e-20,0.19832566802718332,9.51622018903945
ENSG00000180913,OR56B3P,1.3252842176881938,-2.111392116659237,1.8175974170032496e-21,4.89427225002332e-20,0.22190205612405323,-9.514973198260378
ENSG00000260496,NA,2.4100775247297483,-1.9288771135162293,1.917456352497513e-21,5.158893319606212e-20,0.20283876385909677,-9.509410710351872
ENSG00000275901,NA,0.8300544169295365,1.54255006374335,2.0562214289940675e-21,5.527666995232977e-20,0.1623371365757363,9.502139167175054
ENSG00000203437,LOC100422622,0.8016906488680218,1.7707666380090858,2.2893834530467537e-21,6.149386041346391e-20,0.18657422600872273,9.490949933922272
ENSG00000259564,NA,0.7098236057041281,1.813284713068788,2.3019912410618526e-21,6.173056149155808e-20,0.19106560468962563,9.490377485860723
ENSG00000276662,DDX20P1,2.111102398214265,1.732255786429655,2.3307905643889444e-21,6.245136365604908e-20,0.1825525263791727,9.489081421046205
ENSG00000250377,NA,1.2140435776325553,2.100904013083798,2.3582363488019727e-21,6.313474234883174e-20,0.2214307343668559,9.487860929021354
ENSG00000166492,FAM86GP,1.9761873355340338,1.8426675740038359,2.5606050937255647e-21,6.849618625715886e-20,0.19438912159697208,9.479273113977271
ENSG00000232208,NA,1.489292594257299,-1.7103666326835052,2.603398631474319e-21,6.95836899626924e-20,0.18046518719198062,-9.477543338394682
ENSG00000211858,TRAJ31,0.4485775651868907,-1.9216149358304504,2.6726391802487203e-21,7.131715115269104e-20,0.20281317584209943,-9.474803241218051
ENSG00000206178,HBZP1,0.9110122942622135,-2.177491784937328,2.6815312972956904e-21,7.149577872002805e-20,0.2298276209270626,-9.474456447636335
ENSG00000244534,RN7SL211P,0.6055717718053855,1.8874117386838098,2.782358801311082e-21,7.412331456924396e-20,0.19929163608208958,9.470601856599602
ENSG00000249988,NA,3.3784781405258664,2.0487074498158733,2.8324515149991517e-21,7.539605800318528e-20,0.21636541926208103,9.468737919409833
ENSG00000231967,NA,1.3961100691595383,1.6062772038469695,2.8719401324714242e-21,7.638468407933809e-20,0.16966597265261862,9.467291400472682
ENSG00000233839,RPS19P2,0.7878245847857583,1.741995659932089,2.885722016052194e-21,7.66885340997923e-20,0.18401120578491592,9.46679117992545
ENSG00000275693,NA,0.5386181894809171,-2.756307761180457,2.8912266176893418e-21,7.677209748587666e-20,0.29116156556535444,-9.466592047712332
ENSG00000231131,LOC105378305,0.8585250210015547,1.9868481599787442,3.015151760217429e-21,7.993223835073556e-20,0.20997727765802177,9.462205540232846
ENSG00000267316,NA,0.863023266771128,-2.1997527349152803,3.0441666223366784e-21,8.06357100092569e-20,0.23250240297433683,-9.461204300576991
ENSG00000230702,RPL31P30,0.7705351339534982,1.8060168210765224,3.3314373236715673e-21,8.817330615491355e-20,0.19107706997045637,9.451771588060053
ENSG00000254699,NA,0.8866776202027417,1.7826006628709046,3.46354579884659e-21,9.159529897957875e-20,0.18868089612581376,9.44770085087074
ENSG00000260500,NA,1.1796638809904536,1.6184623458070997,3.569945386711986e-21,9.433239930054223e-20,0.17136500461925172,9.444532443500288
ENSG00000258016,NA,0.8523071671022452,1.5324691510018582,3.7384144181156546e-21,9.870385080557306e-20,0.16234296032118617,9.439701900039006
ENSG00000199347,RNU5E-1,0.5708973741709847,-2.7046480767782626,3.788808961157295e-21,9.995326673846268e-20,0.28656097438375333,-9.43829871668528
ENSG00000234895,NA,1.874793262013739,-1.917759094467215,4.0879258090532055e-21,1.077569292681383e-19,0.20336071663737929,-9.430332102373777
ENSG00000259989,NA,1.5058364465955933,1.6709859607116513,4.142727523170706e-21,1.0911306953335767e-19,0.17721894515923842,9.428935259772608
ENSG00000256079,FAM133GP,0.48698833968051386,1.9281862825651408,4.392176091652435e-21,1.1558956626963624e-19,0.20462987141849143,9.422799658715418
ENSG00000227712,NA,0.7544227065113615,1.851072536122921,4.4378772635407364e-21,1.1669787520489336e-19,0.19646878763081718,9.42171302854098
ENSG00000208892,SNORA49,0.80331521060847,1.9062166676696133,4.533875172062428e-21,1.1912592212992462e-19,0.20236992716397617,9.419466095498692
ENSG00000265010,NA,1.1777782525268623,1.5494259544230946,4.613826261940631e-21,1.2112876565650108e-19,0.16452397167767216,9.41763038311924
ENSG00000067842,ATP2B3,4.295355825982176,-1.7083673916170308,5.171198768548854e-21,1.3565222059948153e-19,0.1816321334054257,-9.405645133307665
ENSG00000264056,MIR5685,1.3293100647229974,1.7408260311212136,5.32030084707159e-21,1.3945104428166374e-19,0.18514195450929935,9.40265557709544
ENSG00000277247,NA,1.3627956786894713,1.864296634723219,5.411037710419394e-21,1.4171516477014657e-19,0.19831093645185677,9.400876563233856
ENSG00000270921,NA,2.1165373919148007,-1.5570866969292203,5.477268303164358e-21,1.4333433899061164e-19,0.16565463075099512,-9.399596557428966
ENSG00000278099,RNVU1-2A,1.205149068762289,2.4204365217998727,5.484552853919361e-21,1.4340959423817442e-19,0.25750813020095725,9.399456708069698
ENSG00000211886,TRAJ3,0.71919293498032,-2.0606261130239063,5.73906648454669e-21,1.4994405992717648e-19,0.21933962318755929,-9.394682470398184
ENSG00000167656,LY6D,1.0192981422827232,-2.027652205394739,5.905415247324752e-21,1.5416641024476687e-19,0.21589891444136378,-9.391673925926252
ENSG00000199961,SNORD1B,0.7684180474860076,1.695220954109653,5.9367384083372776e-21,1.548598451855613e-19,0.1805132433185393,9.391116811957188
ENSG00000257398,NA,1.1070186641588544,1.8482831953499692,5.945476320709878e-21,1.549635046154254e-19,0.1968151091974418,9.390961917948081
ENSG00000198217,OR51H2P,0.8302329721320026,-2.260793788956605,6.062074826382035e-21,1.5774973596204386e-19,0.24079390194329242,-9.388916291945913
ENSG00000256596,NA,0.9417301168530935,1.7124603588545746,6.2745842513711045e-21,1.631492218454031e-19,0.18246224305536146,9.385286129223958
ENSG00000260571,NA,0.7204433629830366,1.6354780174548864,6.316110246456142e-21,1.64097790812081e-19,0.1742727007870899,9.384590989112866
ENSG00000138075,ABCG5,4.307712876974094,-2.0370765773563138,7.10883370304271e-21,1.8425190652794685e-19,0.21735488134614048,-9.372122515676299
ENSG00000275515,NA,1.0560170416703072,1.6383004791343523,7.177501545392418e-21,1.8588357505455779e-19,0.17482462815242988,9.37110804380442
ENSG00000221819,GAS8-AS1,1.6465948165404691,1.7117306135789045,7.43443072736222e-21,1.923843776448992e-19,0.18273282027343574,9.367395583439931
ENSG00000257452,NA,1.599604005898157,1.6936037681142824,7.607671310117563e-21,1.967109160377616e-19,0.1808446771850016,9.364963318117177
ENSG00000182352,CD300LD-AS1,0.9804527709070705,-1.9333161125084481,7.725599476608395e-21,1.9960150895561389e-19,0.20647721513414283,-9.363338764775685
ENSG00000228367,LOC100996384,0.6748570857720798,1.9075078062323587,7.994570392040823e-21,2.0638681405738404e-19,0.20379959156678573,9.359723400658842
ENSG00000258912,LINC02316,1.0309395601016886,1.9176825313667611,8.651060633149469e-21,2.2315757357262963e-19,0.20506944513593486,9.351381089930694
ENSG00000231441,NA,0.9378143983822689,1.8738015010674922,9.425555597893938e-21,2.4294332209848973e-19,0.20057155610977284,9.34230923572214
ENSG00000244692,RN7SL724P,0.8017216939425148,1.6744568554053427,9.470022485537027e-21,2.438961927233163e-19,0.17924328088866046,9.34181101296319
ENSG00000234384,NA,1.6967527657198622,4.068645646742377,9.70162357416253e-21,2.496633003325623e-19,0.43565001247881546,9.339252909903738
ENSG00000223602,NA,0.3341857651790871,1.5643163926341705,1.029468476515434e-20,2.6450671883170643e-19,0.16761188726214754,9.332968073962176
ENSG00000242282,NA,3.527399965604575,-1.5175649443878922,1.0358881922395438e-20,2.65946101950812e-19,0.16261408466933958,-9.332309359756367
ENSG00000256287,NA,0.5972829500284441,1.9710404145714175,1.0568138834855473e-20,2.708907959181866e-19,0.21125405115388773,9.330189900763681
ENSG00000199975,NA,0.7747988600875597,1.6815012915827139,1.0603894929360515e-20,2.71593302568692e-19,0.18022846599832434,9.329831901239993
ENSG00000266237,NA,1.8958947807270847,2.0584226605736187,1.0837652387212265e-20,2.773620431559721e-19,0.22068272787506815,9.327520465212498
ENSG00000229721,RPS8P7,0.8298528636090197,1.6754067666247983,1.0887815006251701e-20,2.7842676613471335e-19,0.17962916481341354,9.32703087700205
ENSG00000211976,IGHV3-73,301.24716763612474,-1.6041876764685017,1.223093972370785e-20,3.122825803239945e-19,0.17222126650004668,-9.314689811946463
ENSG00000271052,SRP14P5,0.6246862773177726,1.7658695251844392,1.2600994054073012e-20,3.21478536934029e-19,0.18964342906868786,9.311524970078718
ENSG00000229520,NA,0.9726327792715354,2.156500619835756,1.304568640310777e-20,3.325627643575937e-19,0.2316864431583094,9.307841194498536
ENSG00000145029,NICN1,3.4233779429168605,-2.1505933573735945,1.3565531440523826e-20,3.455439363330924e-19,0.2311549029541949,-9.303689127458183
ENSG00000211821,TRDV2,1.7289269151691853,-2.082291567140678,1.4056382026855658e-20,3.577668189120194e-19,0.22390447135506272,-9.299910602672274
ENSG00000230696,NA,0.5068204731654296,2.0153637465921714,1.4122619151454065e-20,3.5917166204730085e-19,0.21671951095664665,9.299410734621546
ENSG00000257004,NA,1.0691490229759404,1.5502771193597873,1.4600460400135743e-20,3.710341999184496e-19,0.16677049131544747,9.295871872365167
ENSG00000162699,NA,0.8063920099142448,3.0045042559457777,1.6380561656985144e-20,4.159460652446626e-19,0.3236347497950899,9.283626859748797
ENSG00000177590,GIMAP3P,1.1144809582448538,-1.9467085234935109,1.6440456614041663e-20,4.1714132039122252e-19,0.20970145313424343,-9.283238119705814
ENSG00000260205,NA,1.073018847010602,2.162778547365145,1.6758298307154316e-20,4.2487445622378457e-19,0.2330279413181443,9.2811983624418
ENSG00000103647,CORO2B,40.64701474133322,-1.8487423453875464,1.864513034917182e-20,4.719757198426933e-19,0.1994365927517721,-9.269825160363503
ENSG00000222489,SNORA79B,2.371678554673154,1.6570779212356084,1.895378067659964e-20,4.794156903953601e-19,0.17879420943483088,9.268073761860842
ENSG00000199545,RNA5SP195,1.1684406812498112,1.6031395376696682,1.8994756735809743e-20,4.800788244774043e-19,0.1729787042597558,9.267843371414623
ENSG00000262668,NA,0.9505294399692005,-1.970655765906211,1.9146803133734193e-20,4.835459723090884e-19,0.21265321103273815,-9.266992754710046
ENSG00000249617,NA,0.9938508513281792,1.5891818910689224,2.0004380544355366e-20,5.048118621774953e-19,0.17157498933808804,9.26231671177577
ENSG00000212457,RNU6-644P,0.592491920897542,1.8407502979649149,2.2800257903663818e-20,5.749199915429277e-19,0.19903571597008834,9.248341630511923
ENSG00000256708,NA,0.5301160988978637,1.7395820515561973,2.5743922031399484e-20,6.48643141624603e-19,0.18836121625428864,9.235351555639523
ENSG00000256234,NA,1.535011798134781,1.7705158574087692,2.6648813686840656e-20,6.709230739981059e-19,0.191787530909413,9.231652595001272
ENSG00000232131,NCOA7-AS1,0.9896591370065501,1.5545152353110874,2.7867110103680143e-20,7.010528673259921e-19,0.16847709420705723,9.226863999687687
ENSG00000249806,NA,1.178505645206968,-1.8521971221823461,3.0131714435829163e-20,7.574377180592357e-19,0.20092199419735907,-9.218488645712892
ENSG00000252553,RNA5SP73,0.6845074273658117,2.780222356714759,3.092727075989595e-20,7.762363142576354e-19,0.30168346766681,9.21569344921922
ENSG00000259496,NA,1.1866104852349322,-1.9369543373921718,3.096333022775779e-20,7.765421786033195e-19,0.21018283887474373,-9.215568443941704
ENSG00000223843,NA,0.7132938068297212,1.7913907647707759,3.116711583415834e-20,7.810508042014658e-19,0.19440228650477323,9.214864685898595
ENSG00000219073,CELA3B,1.1757661451444275,-2.539658454591854,3.215660899512712e-20,8.046078287642268e-19,0.2757048725743955,-9.211510956907587
ENSG00000158488,CD1E,1.6161351379034823,-1.8108342505092918,3.233750840388785e-20,8.085122777568516e-19,0.19659669584137426,-9.210908874940497
ENSG00000237520,LINC02971,0.634661528981421,-2.0408673550767538,3.434225532534609e-20,8.578407398132516e-19,0.22172613858931084,-9.204450896323603
ENSG00000257746,LOC105369908,0.9189030829068074,2.013105021544189,3.436320966480161e-20,8.578407398132516e-19,0.218711509557661,9.204385382441224
ENSG00000233973,LINC01360,0.6420330620345436,2.12447690895382,3.5399137922960275e-20,8.830238944463588e-19,0.23089141669440913,9.201194827288106
ENSG00000222881,NA,0.8115684360842144,1.8822767836905474,3.5517697733628636e-20,8.853024305589825e-19,0.2045767221661308,9.20083557777412
ENSG00000130176,CNN1,15.28934473307684,-1.6820550085458534,3.690648019795115e-20,9.185110848347017e-19,0.182897402032057,-9.196713511824703
ENSG00000255229,NA,1.0933803329325538,-1.9436033474592527,3.831996681087153e-20,9.5296015322938e-19,0.21142962629218587,-9.192672671015762
ENSG00000211857,TRAJ32,0.4670496182582286,-2.064256665583425,3.8984415238288346e-20,9.687433604820806e-19,0.22459974289265466,-9.190823813943622
ENSG00000259626,MTND3P12,0.7633260379024037,-1.978146966214122,4.103632602542857e-20,1.0189539030191912e-18,0.2153599686046834,-9.18530485972175
ENSG00000260479,NA,1.114447858595449,-1.6955116179338117,4.263081956465094e-20,1.0577385955751075e-18,0.1846720860425394,-9.18120141634859
ENSG00000270302,NA,1.5061137874247947,1.6070683740984395,4.287230158729635e-20,1.0629193795972375e-18,0.17505060238380096,9.180593223980566
ENSG00000257515,NA,0.7551259263672199,1.7231047241243027,4.317085455430899e-20,1.0695061362852726e-18,0.1877051893874735,9.17984595816025
ENSG00000233563,OR52E7P,1.1417603854568026,-2.1455490342576855,4.47483112606614e-20,1.1077420614054748e-18,0.23382231717186036,-9.175980548857098
ENSG00000208308,SNORA40B,0.8270253442438741,2.0015469907553336,4.84712380506876e-20,1.19899044206294e-18,0.21833389543850842,9.167367195713545
ENSG00000211672,IGLV4-3,31.92720754665996,-1.6303678356220526,5.074132246305217e-20,1.2541897698162316e-18,0.17794053879638475,-9.162430588611757
ENSG00000254054,NA,1.1568338769174722,-1.7901999878504287,5.1217214908730257e-20,1.2649913185658145e-18,0.19540631475664147,-9.161423417047393
ENSG00000276696,NA,0.4163899850603013,1.731150177420442,5.178672425336135e-20,1.2780869245169483e-18,0.18898544453779023,9.16023020531761
ENSG00000235480,LOC105373496,2.08266683967445,1.7252727174682043,5.2221224193923803e-20,1.2878331922516706e-18,0.18836235734565127,9.15932855046123
ENSG00000280117,NA,2.0625900275256184,1.503754220556101,5.257123608776398e-20,1.2954827026233233e-18,0.16419026631013953,9.158607598063425
ENSG00000251353,MTND3P5,0.6526970959797854,1.8218513864969794,5.291262199774542e-20,1.302908227360078e-18,0.19893748589599905,9.157908969702223
ENSG00000258907,PSMB3P1,2.0170268169836074,-1.808719077302948,5.522584778306156e-20,1.3578128319632853e-18,0.19760318080379585,-9.153289283834258
ENSG00000229195,NA,1.0480348060707936,1.6502011115320687,5.647514035574499e-20,1.3874798833018677e-18,0.18033263713628478,9.150873284711874
ENSG00000162771,GARIN4,1.1529070064469924,1.7893084374835686,5.837208788942144e-20,1.4330017168808306e-18,0.19561047091462697,9.147303971598237
ENSG00000207988,MIR576,0.5591473814995732,1.913923230006336,6.146436204829342e-20,1.5077773519659792e-18,0.20936129397400768,9.141724306709484
ENSG00000207331,RNU6-1263P,0.5217516815731871,2.371255634298438,6.240498519862569e-20,1.5296980848085127e-18,0.2594348311706114,9.140082014427106
ENSG00000248654,MTCO3P44,0.9674079598624604,1.7649921086931049,6.344606351253522e-20,1.5540463508552301e-18,0.19314243725556957,9.138292618507425
ENSG00000259026,NA,0.9538053301713867,1.8757524840740964,6.488066510001016e-20,1.587989672214545e-18,0.20531724949018396,9.135873818355309
ENSG00000248458,NA,0.6654458342750585,1.885018272494242,6.692795934853139e-20,1.6368666629240819e-18,0.20640742340035564,9.132512006789549
ENSG00000207062,SNORA15B-1,0.9918140842556227,1.5178627655530545,6.704034846161848e-20,1.6383835122160225e-18,0.1662076049923573,9.132330410650285
ENSG00000277740,NA,1.782486548288254,1.7305725982738196,6.758402837888385e-20,1.6504303867179684e-18,0.18951770298062237,9.131456170354522
ENSG00000258847,NA,0.9892450130670912,1.7991973732849451,6.876574913242465e-20,1.6780287230153856e-18,0.19707340693131445,9.129579689623041
ENSG00000252051,RN7SKP276,1.0680428754281925,2.26825289427509,6.896070604074048e-20,1.6815246222587754e-18,0.24845930773732794,9.12927317930506
ENSG00000201501,NA,0.7148298573745897,1.8770337486618376,7.209245316768413e-20,1.7565717727628687e-18,0.2057144239071802,9.124463482000506
ENSG00000236581,STARD13-AS,1.7385845831726787,1.792671703633663,7.239112215262547e-20,1.7625287585184142e-18,0.19647836838946936,9.124015627410639
ENSG00000275390,NA,0.43897328712177325,1.8838121577645346,7.334268175950145e-20,1.7843610712588356e-18,0.20649946106144307,9.122600843999365
ENSG00000283913,NA,1.8079864260539595,1.92256223375636,7.372335222194336e-20,1.7922819141071553e-18,0.2107601202466865,9.1220399357624
ENSG00000226772,NA,1.0930436947443007,-1.8115343170916385,7.387912832986e-20,1.794727622340318e-18,0.19859370816757876,-9.12181122859651
ENSG00000257761,LOC124902964,0.7975447549680159,1.7474415728248553,7.702594139827773e-20,1.8697759864202822e-18,0.1916623784158986,9.117290452448561
ENSG00000257985,NA,1.1208511372991263,1.7505136628204272,8.687281317039039e-20,2.1056623448632327e-18,0.19227455938701843,9.104239626922867
ENSG00000211796,TRAV16,2.0087686010622963,-2.0164604473579004,9.227804996839631e-20,2.23501147384363e-18,0.22164545628354423,-9.097684568720886
ENSG00000241544,LINC02029,1.7292634641498934,1.911913202338109,9.364517425013276e-20,2.2664361815538085e-18,0.21019073916272385,9.096086773156825
ENSG00000215124,NA,0.5705339281773,1.871547094286366,9.414705183079786e-20,2.2768887003362027e-18,0.20576613280598985,9.095505993938207
ENSG00000121381,TAS2R9,0.5214840975073414,1.805489627584529,9.738537866880666e-20,2.3517086839932763e-18,0.19858373032066182,9.091830557665153
ENSG00000237178,H3P7,0.7036538979808451,1.6661208859554026,1.0509629384428562e-19,2.5360328235659664e-18,0.18342190797610827,9.083543532719244
ENSG00000248188,PFDN1P2,0.7224297722637738,-1.999070177963582,1.057058872208018e-19,2.5488518158029954e-18,0.22009127489568048,-9.082914254148
ENSG00000211654,IGLV5-37,121.63786300649308,-2.121314078843331,1.1002200929429916e-19,2.6509599394999725e-18,0.2336619872409619,-9.078558750147682
ENSG00000214812,NA,1.1757856267852826,-1.7311688861075196,1.1095365523104745e-19,2.671428939567366e-18,0.19070691678046026,-9.077640786885683
ENSG00000217239,RPL34P16,1.20609014844119,1.6121165405627589,1.1289749145408115e-19,2.716220119836059e-18,0.17762902015936674,9.075749779604628
ENSG00000249256,ATP5MGP3,1.2033434875535893,1.6972092998731325,1.1376302418590577e-19,2.7350211756978143e-18,0.18702199633197675,9.0749181014006
ENSG00000243066,RN7SL842P,0.7781336758663281,-1.943536273286575,1.201990597274777e-19,2.8876181793319018e-18,0.2143072829376736,-9.068923121253926
ENSG00000259167,NA,0.5315125241496071,1.7940032075528844,1.2396708572855222e-19,2.975941966478485e-18,0.19789217975521517,9.065558880457003
ENSG00000275243,TRBV16,0.5464363684941986,-2.217388663733977,1.2729818799058482e-19,3.0514041701973055e-18,0.24467283789911468,-9.062667857918365
ENSG00000283517,NA,0.5543901483239213,2.4017402889709523,1.2725555255275113e-19,3.0514041701973055e-18,0.265013641252867,9.06270438614627
ENSG00000204670,NA,1.851495429467531,2.5287332343760602,1.312140330454521e-19,3.1429529211358366e-18,0.27912923986268146,9.059363453359737
ENSG00000223403,MIR381HG,0.948119582785081,-2.5689752499615075,1.3468809279958942e-19,3.2237927024172512e-18,0.28366054463006474,-9.056512435706667
ENSG00000200906,RNU6-854P,0.3936568458474479,1.6922015868596731,1.3590823238362856e-19,3.2506051345401982e-18,0.1868694486397206,9.055528333698856
ENSG00000281732,LOC284933,0.761628279736122,2.0311419504711297,1.4253189856995314e-19,3.4065228484081084e-18,0.22442729576813278,9.050333844282495
ENSG00000250027,NA,1.9728808586339073,1.5209181933062608,1.4613551640459326e-19,3.490085225850668e-18,0.16810170640056318,9.047607105677574
ENSG00000272304,NA,0.7852664543834738,2.9652956504684496,1.48097694915111e-19,3.5343520324275355e-18,0.32779642000144127,9.046150200345116
ENSG00000221025,MIR1250,1.208628811449313,-1.9860748727179292,1.5421255649455667e-19,3.6775850715945305e-18,0.21965652838890196,-9.041729318427462
ENSG00000232259,NA,1.2294947994560952,-1.7159106749374105,1.6090399523718916e-19,3.834348100421457e-18,0.18987433590284652,-9.037085853537334
ENSG00000243519,IGLCOR22-2,1.6156627391257214,1.6445682979298386,1.611475836220294e-19,3.837341581301151e-18,0.18198326619800445,9.036920439379784
ENSG00000231749,ABCA9-AS1,0.5286032178333545,1.7696568139695465,1.636890756702151e-19,3.895009695245616e-18,0.19586229609601738,9.035209171151601
ENSG00000253986,LOC105379327,4.485938630507192,-1.5661362327036374,1.8631652007203043e-19,4.4269567311197994e-18,0.17360932775559035,-9.021037365621657
ENSG00000228236,NA,0.6543681156283742,1.6613577510324886,1.8762740489532936e-19,4.454849800317718e-18,0.18418050352977564,9.020269350951711
ENSG00000278313,LOC100420930,1.2877506806697958,1.5878498442312314,1.9065395676492848e-19,4.523407662764109e-18,0.17606553044921794,9.018516231882256
ENSG00000279924,NA,1.0015278850590317,2.331413853595044,1.9848253248442535e-19,4.705714152079729e-18,0.25864060533005706,9.014106082143886
ENSG00000205866,FAM99A,0.4290835486247916,-1.8617114660904115,2.0683591042558093e-19,4.896621902709823e-18,0.20663673967435614,-9.009585947902236
ENSG00000243532,RN7SL19P,1.3094432312699074,1.529073837120854,2.14443073696826e-19,5.073021309971168e-18,0.16979099511310974,9.005623861867528
ENSG00000244641,NA,0.5974377678364248,1.7924744247899118,2.2978213919934033e-19,5.4279981291765735e-18,0.19920719769937034,8.998040459838151
ENSG00000283453,PRIM2BP,0.7031718501482445,1.9300094230714921,2.314966715891107e-19,5.464531011212332e-18,0.21451165382637807,8.997224107150876
ENSG00000248491,NA,0.7020639490752488,2.760534504990843,2.356830970418944e-19,5.559318187511778e-18,0.30688783269256686,8.995255630601305
ENSG00000131746,TNS4,7.447328923108353,-1.8764287219401738,2.362072355551213e-19,5.567644172563032e-18,0.20860770415201096,-8.995011615548165
ENSG00000261970,NA,0.5370496178343362,1.763961013423666,2.4541517303331084e-19,5.7804958352118285e-18,0.19619600788868954,8.990809917113284
ENSG00000239819,IGKV1D-8,265.29312411467697,-1.8003314491475257,2.5158216252056277e-19,5.921464965606994e-18,0.20030207073826134,-8.988082062816286
ENSG00000211943,IGHV3-15,1434.287985349811,-1.5150075989923417,2.602739072114111e-19,6.121612186386681e-18,0.16862744782252134,-8.984347557622243
ENSG00000230899,NA,0.5922638242465641,1.6897557618194436,2.607640941566176e-19,6.128709866131833e-18,0.18808206943126513,8.984140630359065
ENSG00000270533,NA,1.067738728799021,1.6055575683802543,2.7273611993190287e-19,6.405458851368185e-18,0.1788084797384188,8.97920261236517
ENSG00000279996,NA,1.5303390480311625,-1.650587476489458,2.8243000314341877e-19,6.62834281547556e-18,0.18390211812258436,-8.97535870353173
ENSG00000236431,NA,0.8710994597373135,1.6980944038916759,2.8401591052321333e-19,6.6607566961060444e-18,0.1892081522926889,8.974742278889064
ENSG00000277371,NA,0.8447433997604676,1.5677588823943933,3.050387512041359e-19,7.143484880610606e-18,0.17483888482225943,8.966877614142708
ENSG00000168828,OR13J1,1.1133687339335532,1.624687521800749,3.072335639632074e-19,7.189707459421015e-18,0.18120361847226657,8.966087628373765
ENSG00000227227,NA,0.5081917019457017,1.930442578666301,3.10898185924735e-19,7.270234501624572e-18,0.21533627966616292,8.964780954045818
ENSG00000224675,GALNT13-AS1,0.6658179948897944,1.894296639485555,3.2430802492384895e-19,7.578370283565344e-18,0.21141406596818052,8.96012585922576
ENSG00000224860,NA,0.5442644317620808,1.9983085912526048,3.279703470797318e-19,7.658448994838132e-18,0.22305320566451903,8.95888756809952
ENSG00000181616,OR52H1,1.618247765022805,-1.8341739840274953,3.4128919789442283e-19,7.963741053880765e-18,0.20483272929771362,-8.954496629108622
ENSG00000263063,NA,1.3645951954241091,1.5651787247726257,3.503530931972203e-19,8.169380226178625e-18,0.174848963932634,8.951604227838946
ENSG00000213943,KRT18P17,0.8792068977226702,1.7681897363122663,3.5587467083889065e-19,8.292185740005327e-18,0.19756578674096642,8.949878242990449
ENSG00000204780,NA,0.4471109572948662,2.092057306119735,3.625848394974931e-19,8.442490808285221e-18,0.23380647410602734,8.94781598379103
ENSG00000206633,SNORA80B,2.7673265900392487,1.8281353049433606,3.6687052574500735e-19,8.536169142656365e-18,0.20434041546608978,8.94651848863809
ENSG00000253945,NA,0.7566410890825771,1.867518108090761,3.701624282493549e-19,8.606607195207302e-18,0.20876546079404676,8.945531990721024
ENSG00000273644,NA,0.4929499994838528,-1.9959484728954404,3.824353877008761e-19,8.885613065095785e-18,0.22321229343095728,-8.941928969126495
ENSG00000236153,NA,0.506346820607744,1.9724978519032548,4.0466290892779485e-19,9.395342684941692e-18,0.2207438856150156,8.935685110405975
ENSG00000235427,NA,0.4210212176835611,1.7594914637624919,4.0729033974527625e-19,9.449600692749176e-18,0.19692193159158844,8.934969556421155
ENSG00000175676,GOLGA8DP,0.8008314253419422,1.7422968076139673,4.383122292389907e-19,1.0154857687098213e-17,0.19517487826632163,8.92684972108221
ENSG00000270236,NA,1.292294488041317,1.602935153611588,4.489722310935161e-19,1.0394426144491027e-17,0.1796168770119635,8.924190088801195
ENSG00000243276,LOC105374059,2.0576991822250648,1.9894792201282123,4.64925141485535e-19,1.0756105975989674e-17,0.22302768068748968,8.920324212651908
ENSG00000223735,OR51B3P,1.7958439158481425,-1.8074920868675128,4.878043034735821e-19,1.1277397571704817e-17,0.20274722781876103,-8.915002716995266
ENSG00000226241,LOC100128601,0.6456559534374384,1.7257918799298315,4.944755646628858e-19,1.1423509351814168e-17,0.193615569519711,8.913497422809984
ENSG00000261603,NA,1.2266572594097043,1.730590944900886,5.118307471914515e-19,1.1816061422742039e-17,0.19423730261337047,8.909673485044369
ENSG00000227083,NA,0.7885318748766822,1.8307899322226406,5.134200695089409e-19,1.1844346114175056e-17,0.20549132065766632,8.909329729174326
ENSG00000198883,PNMA5,17.98642159907093,-1.5689261103238952,5.212419261798875e-19,1.2016270286874119e-17,0.1761323764813438,-8.907653105390752
ENSG00000197549,NA,8.179837656132271,-1.5500060598079974,5.230978388564196e-19,1.2050514520057801e-17,0.1740160548511236,-8.907258937309424
ENSG00000253877,LINC01608,1.8596799307118181,2.647243983092315,5.310092989612462e-19,1.2224112156129808e-17,0.2972563064331168,8.905594013656192
ENSG00000159289,GOLGA6A,1.3841587355728844,1.5541791839352639,5.721607423508407e-19,1.3162124913145789e-17,0.17467965399893434,8.897310867954578
ENSG00000250371,NA,1.069164773968791,1.8009249395713578,5.767804751511648e-19,1.325902141040077e-17,0.2024325904172407,8.896417992080277
ENSG00000229723,NA,0.5356685904312296,1.941272372077403,5.787399427037727e-19,1.3294670096234687e-17,0.2182175512487977,8.896041408988632
ENSG00000229965,RPS3AP7,1.486233478370256,1.5021660717546201,5.8679115174799e-19,1.3460608310337533e-17,0.1688869367377554,8.894507181968471
ENSG00000249405,NA,0.7614026027841848,2.1741384778350348,5.974893272394761e-19,1.3696358588051922e-17,0.24449124276016562,8.892500415516977
ENSG00000171402,XAGE3,1.1465972245863973,2.6975574162682414,6.222918493460939e-19,1.4254865686992776e-17,0.3035062005058605,8.887981239830232
ENSG00000207021,NA,0.6554135434794667,1.6805116866333822,6.232438843072985e-19,1.4266627071602958e-17,0.18908048589553392,8.88781133956815
ENSG00000244040,IL12A-AS1,2.1162203613045154,1.5755992305275992,6.355431470189388e-19,1.4537937754030973e-17,0.1773197403599388,8.885639169837
ENSG00000156463,SH3RF2,5.016749087183258,-1.7690637668288287,6.579488443880829e-19,1.503988756869681e-17,0.19917881605207355,-8.881786737633396
ENSG00000162493,PDPN,1.0555802946225685,-1.865967035479226,6.676316396351482e-19,1.525050700425007e-17,0.210127593638116,-8.880161825356524
ENSG00000251445,NA,0.5487904103790987,1.7883820729107613,6.917152983450644e-19,1.578955454355667e-17,0.20148016351876097,8.87621908617438
ENSG00000226068,NA,0.8943628368342809,1.6948805666117117,6.933471429800735e-19,1.581570537647674e-17,0.19095187062163704,8.8759568633399
ENSG00000277702,NA,1.7023252367452373,-1.6149204265549448,6.989139406904304e-19,1.5931515531028956e-17,0.1819614934725186,-8.875066893198719
ENSG00000253541,NA,1.1635505699967847,1.5741235572386785,7.327201883022825e-19,1.667874197697456e-17,0.17746985372373392,8.869808162963304
ENSG00000229455,NA,0.8702353520400467,1.544270242936867,7.479111131593293e-19,1.701262425793473e-17,0.17414900299904,8.867522732503843
ENSG00000060303,RPS17P5,0.9052419805419966,1.6279583082542899,7.829579223390736e-19,1.779738315712466e-17,0.1836922934834313,8.862420286570861
ENSG00000167612,ANKRD33,1.2977678217389792,-2.181502009831522,7.957600260709781e-19,1.8075755676003333e-17,0.24620216787718358,-8.860612514670263
ENSG00000244239,NA,0.5444220675383963,-2.6997726870150283,7.99056931447209e-19,1.8137978971468817e-17,0.30470953599817574,-8.8601516134736
ENSG00000168539,CHRM1,1.0215278936766112,-1.9501956654978616,8.451562919474699e-19,1.9144320239879736e-17,0.22026410929283596,-8.853896677761162
ENSG00000265296,FEM1AP2,1.0572609127093389,1.8310782584772565,8.586630324616755e-19,1.9436737035430328e-17,0.20685176513732195,8.852127789490533
ENSG00000256299,NA,1.164543531329517,1.513082224640738,8.647171306409757e-19,1.9560166081703516e-17,0.17094378597185855,8.851343826501115
ENSG00000232608,NA,1.2208311305349941,1.5400470525483692,8.675383671830345e-19,1.9610346079033876e-17,0.1739973417972737,8.850980346255495
ENSG00000224553,NA,0.8479571569888618,1.5562950057376093,9.280638005765763e-19,2.0963930073024217e-17,0.17598276232575805,8.843451399272753
ENSG00000225358,NA,0.5867566561623035,1.73266392538857,9.892927981277156e-19,2.2331517097500577e-17,0.19608448768059192,8.836313090768098
ENSG00000229791,NA,0.8163497705515346,2.233252234479557,1.0125747658257176e-18,2.284121496725308e-17,0.2528101488583599,8.833712746756717
ENSG00000250302,LOC107986281,1.9977955422691265,2.2265319075093633,1.0370099936634427e-18,2.3376203100405036e-17,0.2521254921054476,8.831046352814457
ENSG00000258792,NA,2.3306777799701592,1.6640799186592101,1.0926702405902723e-18,2.4579790861632348e-17,0.18856008158756696,8.82519727743337
ENSG00000268388,FENDRR,1.0805410930562138,-1.6647453912517163,1.1038814479750934e-18,2.4814827739968097e-17,0.1886599103558113,-8.824054819659448
ENSG00000271093,NA,0.6595904815841976,1.8896802822424164,1.1294330861519062e-18,2.5371684686705252e-17,0.21421319765857183,8.8214932735112
ENSG00000007306,CEACAM7,0.959010671035458,-1.9193747813184576,1.2444285006412687e-18,2.793565926077239e-17,0.21784758431400544,-8.810631466777577
ENSG00000232028,PRKD3-DT,1.0233977283414142,1.7642416248017778,1.2487480403001064e-18,2.801329396888404e-17,0.2002489163758985,8.810243055148526
ENSG00000259086,NA,0.941649560176569,1.6133131245866295,1.3177377537281198e-18,2.954057453705602e-17,0.18324330642469047,8.804213130970055
ENSG00000249494,NA,1.3180260763719152,1.5801725161413729,1.3265556250818625e-18,2.971776954040139e-17,0.17949438284200872,8.803464994958887
ENSG00000249787,LOC105379100,0.5618352447961164,1.9536977428310969,1.3438857918709518e-18,3.008528357741109e-17,0.221960438284165,8.802008853171726
ENSG00000269385,NA,1.1845162139028536,-1.8657299362924038,1.3467899739559588e-18,3.0129562773617213e-17,0.21197221088324406,-8.801766649120164
ENSG00000278719,MCM8-AS1,0.8976826686086603,1.6544712045465673,1.3971675256658115e-18,3.1170826663139585e-17,0.1880584105662084,8.797645367549723
ENSG00000255325,NA,0.9100393356224478,-2.0922782428394315,1.398589220371232e-18,3.118115843744718e-17,0.23782561205597808,-8.79753120259799
ENSG00000138347,MYPN,2.901901801317812,-1.9368658253868307,1.4329287626842119e-18,3.192486766615894e-17,0.2202283256321544,-8.794807933208203
ENSG00000279617,NA,0.8302723269660132,-1.7359687443543435,1.4344986544618444e-18,3.1937968673740505e-17,0.19738839404829533,-8.794684979956832
ENSG00000270248,NA,0.7445882273706157,1.6236419583464903,1.476418569036497e-18,3.282634532714913e-17,0.18468420432406019,8.791450055455373
ENSG00000234275,NA,1.1492729415959884,3.508262451868956,1.484266417132336e-18,3.297829099486381e-17,0.3990809354360297,8.790854536902101
ENSG00000258603,NA,1.4155140064896048,1.5498509877885869,1.4966238343715929e-18,3.3230157054224695e-17,0.17632133654259732,8.789923092570023
ENSG00000253049,NA,0.39097538653571634,1.7477613470491942,1.5036102620605345e-18,3.336250655136771e-17,0.19884876990385603,8.78939984337968
ENSG00000226903,LINC00354,0.5448802172390186,1.875618792303026,1.7056513288335155e-18,3.77938872100113e-17,0.2137402931111447,8.775223262783244
ENSG00000236915,CLCA4-AS1,1.834749587635854,1.5022886853797723,1.7273186907883465e-18,3.824793898840254e-17,0.17122435367333985,8.77380263467558
ENSG00000261055,NA,1.3431841627752132,-1.9234521756968666,1.745920407359641e-18,3.86072732906828e-17,0.21925687239967973,-8.772596975617883
ENSG00000242190,NA,0.7717297565971675,1.7230478090618182,1.761845347697764e-18,3.890652102505965e-17,0.1964353994965276,8.77157484586823
ENSG00000273125,LINC01990,1.0759766032423737,2.0969624639675013,1.7609877424247104e-18,3.890652102505965e-17,0.23906190135596656,8.77162965773076
ENSG00000240183,RN7SL297P,1.272901997199641,2.0578988182752775,1.7686482692734253e-18,3.903025163020758e-17,0.23462156429190567,8.771140983933309
ENSG00000207782,MIR150,0.6483472622755433,1.7301839083172579,1.7721441877048776e-18,3.908088551706051e-17,0.19726370446764838,8.770918669435265
ENSG00000283886,NA,0.6597590062689414,-1.6894453422869633,1.800646140229017e-18,3.968253228277064e-17,0.19265843414631784,-8.769122150156605
ENSG00000225620,NA,0.6458972802590123,1.7919282692917498,1.8586500389151426e-18,4.0933086300495436e-17,0.20442847507778505,8.765551220836143
ENSG00000225670,NA,1.019837902211507,-1.966357830830682,1.871127158164016e-18,4.1179989310391824e-17,0.22434720660881768,-8.764797478665805
ENSG00000157131,C8A,0.6324611669664395,-2.7830596634282028,1.8731288857553427e-18,4.1196170653042454e-17,0.31753134293050334,-8.764677016584528
ENSG00000200152,RNU6-216P,3.8906866796957384,1.6952756544831662,1.966439692642088e-18,4.321915562314989e-17,0.19354233142789845,8.75919826931876
ENSG00000167332,OR51E2,3.432420204381932,-2.0113385179980625,2.056194319564078e-18,4.5161302381350663e-17,0.22975788491311655,-8.754165363067537
ENSG00000226845,EEF1GP3,0.8719237283113611,1.6039949024132387,2.071703461601197e-18,4.5471234952067303e-17,0.18324422240215046,8.753317738406441
ENSG00000230852,LINC02857,0.5849670629084132,1.8804262320067204,2.0769990721759618e-18,4.5556726783371333e-17,0.21483146814238938,8.75302975055955
ENSG00000218991,CCNG1P1,1.2018676490820983,-1.8251232665957469,2.181020860310138e-18,4.780609605402167e-17,0.20864476759913544,-8.747515155052033
ENSG00000233073,NA,2.0348153797360125,1.8883508689054487,2.193010434318113e-18,4.8036527547137764e-17,0.21588810499458017,8.746896309793703
ENSG00000200815,RNU6-1091P,0.4837797718336115,1.6059181521689025,2.2222370953638002e-18,4.86439624750967e-17,0.18363000528141904,8.7454016553982
ENSG00000211868,TRAJ21,0.45330881048726096,-2.073547944109211,2.2390267103657768e-18,4.897852107248015e-17,0.2371245542076592,-8.744551786456176
ENSG00000227729,RD3L,0.702773064470637,-1.9859130909637095,2.2649081034050655e-18,4.9511378217446216e-17,0.22713661320532022,-8.74325395161432
ENSG00000228044,LOC101927787,0.7761978292793965,1.8322251596105805,2.2809918492501787e-18,4.9829484803498866e-17,0.20957788233705776,8.742454781864186
ENSG00000161798,AQP5,1.056012416808084,-2.017334235460803,2.3381569336357673e-18,5.1044005863962577e-17,0.2308252875794399,-8.739658711641484
ENSG00000258450,NA,2.7035439720741405,1.5217772996900107,2.3610273508754513e-18,5.150871741735525e-17,0.17414510926510948,8.738558930031942
ENSG00000144821,MYH15,68.50205814765586,1.6916157724166452,2.3898692900579145e-18,5.2102994817026704e-17,0.1936110321262403,8.737186893945486
ENSG00000249148,LOC100288683,0.7937019695046225,1.616643274256261,2.402807799776009e-18,5.2349988018160764e-17,0.18504310434293417,8.736576701935299
ENSG00000258957,NA,1.6326716893012017,1.6057650520351945,2.4093184147481284e-18,5.245669972886688e-17,0.183804402800791,8.736270881255974
ENSG00000213275,IFITM9P,7.059151880829401,-1.673470935225925,2.4276146560706277e-18,5.281969868405711e-17,0.19157312852779548,-8.735415807458194
ENSG00000249309,NA,2.260450244762132,-1.9211693839603925,2.612133968887683e-18,5.679645303474502e-17,0.22013755533758156,-8.727131456576203
ENSG00000234230,ZFX-AS1,1.3800297660132486,1.6349420563418617,2.6654741330720908e-18,5.791753012730058e-17,0.18738925575992715,8.724844173758072
ENSG00000184160,ADRA2C,1.1934682816930169,-1.8555300019461929,2.7924824185525625e-18,6.063676108856993e-17,0.21280051214004375,-8.719574888640638
ENSG00000215325,ASS1P10,0.6504102501912914,1.7863303261672876,2.7997881425380837e-18,6.075484236189378e-17,0.2048713339344385,8.719279031682083
ENSG00000202260,NA,0.6134596102053629,1.7363612398708055,2.8271621122599573e-18,6.130795279172793e-17,0.19916562793374998,8.718177217046632
ENSG00000222335,NA,2.1389653651828797,-2.2027837776232824,2.929762090582458e-18,6.34905404946477e-17,0.2527827163128341,-8.714139201262489
ENSG00000226715,LINC01709,1.765695118839545,1.6059368742671216,3.1188787879762944e-18,6.749892828695469e-17,0.1844410025262756,8.707049149975958
ENSG00000268713,NA,2.6736830184592364,-1.8694072028187525,3.1490189574739526e-18,6.810591000579305e-17,0.21472732612842887,-8.705958559278367
ENSG00000151615,POU4F2,0.7340810568800561,1.9273646012098207,3.189254777881694e-18,6.89302853255387e-17,0.22142115895811174,8.704518620889514
ENSG00000267694,LDLRAD4-AS3,0.6369472268371945,1.750021825518415,3.3023092033066034e-18,7.132637036199017e-17,0.20113883247032377,8.700566688317707
ENSG00000233746,LINC00656,1.9826128422213896,-1.8590981552278782,3.3989219128299383e-18,7.336438751196565e-17,0.213755930137523,-8.697293937210539
ENSG00000199237,RNU6-834P,0.4941902430379233,1.7084906127034476,3.42752217630017e-18,7.38836589467806e-17,0.19646081917451014,8.696342710379557
ENSG00000267895,NA,1.7870205004655584,-1.6996845352274992,3.4534228775858277e-18,7.439267507424623e-17,0.19546741182256544,-8.695488006821204
ENSG00000245059,NA,1.1288562819806733,1.719220481999509,3.503077429287999e-18,7.541237764386501e-17,0.19775095280576033,8.693866995868298
ENSG00000243479,NA,1.6103001416590368,2.102042077005699,3.511376881419872e-18,7.5541049734673006e-17,0.24179194990513134,8.693598268389204
ENSG00000257488,NA,2.0787113721354746,1.6339590278942053,3.762181462267078e-18,8.088317158269895e-17,0.18811929054967852,8.685760099986714
ENSG00000271415,RPL23AP90,0.9213750710789216,1.6567361986070386,3.889904472874823e-18,8.351868824664836e-17,0.19082503462096587,8.681964616947663
ENSG00000237756,NA,0.7152976528603411,1.5483994607344231,4.416057350137015e-18,9.462813800082794e-17,0.17864373598608574,8.66752731176102
ENSG00000142789,CELA3A,0.9988393765142973,-2.60641717984338,4.4694468300679145e-18,9.570912869548989e-17,0.30075807901917884,-8.666158489718155
ENSG00000255043,NAV2-AS5,1.080779369233712,2.107310085704958,4.957913232264491e-18,1.059599222201704e-16,0.2434976163320455,8.654335584260195
ENSG00000223812,NA,1.905272946180619,2.33602926972502,4.979271129758698e-18,1.0634650775363816e-16,0.2699411880822663,8.653845255408376
ENSG00000283202,NA,1.744091878181525,1.6766793808899867,5.098858340404176e-18,1.087578125224046e-16,0.19381027795677022,8.65113758963791
ENSG00000230601,TEX48,1.1238230826822357,1.5775790474564382,5.2083546506681294e-18,1.1102055050913035e-16,0.18240622388882466,8.648712822529355
ENSG00000267206,LCN6,1.3816769130608375,-1.8715594150270627,5.2138209027221056e-18,1.1106428704894868e-16,0.21640044735279976,-8.648593096371197
ENSG00000253168,NA,0.46239751699861126,1.839838178800823,5.357394381841001e-18,1.1404798720714928e-16,0.21280896156567572,8.645492019061537
ENSG00000188585,CLEC20A,0.7650366097694019,2.142077886012801,5.448962709090391e-18,1.1592142511529903e-16,0.24782366129350789,8.6435567727161
ENSG00000105605,CACNG7,1.6479910555050872,-1.752504586654172,5.539180739166253e-18,1.1776370659058814e-16,0.20279671795670987,-8.641681208214974
ENSG00000206813,NA,0.5130913335189965,2.348606668375859,5.669234840261155e-18,1.2044994832398097e-16,0.27186000059092913,8.639029880345783
ENSG00000248926,NA,0.6800006086391116,1.7031616517910966,5.892432196805839e-18,1.2502872439510786e-16,0.19724809186223233,8.634616617638398
ENSG00000215369,NA,0.7127787718946219,2.8141161743451257,5.9037948816195716e-18,1.2518816160972713e-16,0.3259192710224721,8.634396381400512
ENSG00000280017,NA,0.8452628194182036,-1.8308723189143472,5.90806364749363e-18,1.2519706470727872e-16,0.21204607242850718,-8.634313750525319
ENSG00000238961,SNORA47,1.0823927972617196,1.6765656644239908,5.924824293063872e-18,1.2547049778957137e-16,0.19418202792677158,8.63398988219571
ENSG00000229348,HYI-AS1,1.4808628820069187,1.6016012135976776,6.488334387638081e-18,1.3731460049517991e-16,0.1857231119934241,8.623596688679143
ENSG00000233403,NA,1.222201103380785,3.5997403559155328,6.641821503887897e-18,1.4047150187156406e-16,0.4175587168670647,8.62092014968414
ENSG00000230648,NA,0.9917019930209618,1.5188083323985344,6.806850568183018e-18,1.4377482810510208e-16,0.17623451089043832,8.618109612723634
ENSG00000260392,NA,1.0736035102329922,1.6487768149650643,6.825147271071095e-18,1.4406774200739818e-16,0.19132219377063384,8.617802161215527
ENSG00000184330,S100A7A,1.0795484536959736,-2.163973335419963,6.842279150731342e-18,1.443357044195779e-16,0.25111338135163397,-8.617515019598864
ENSG00000181260,MTHFD2P7,0.8480156058499401,1.5413193705748391,7.0647382780369e-18,1.4883536703884993e-16,0.17893502309200968,8.613849563605452
ENSG00000273232,NA,0.8637392838235036,1.6925219974642243,7.464755682329292e-18,1.5705923210530865e-16,0.19663257294895523,8.607536239194683
ENSG00000099977,DDT,8.498961401865069,-1.6850834942889947,7.582489406457264e-18,1.5943323556124233e-16,0.1958092130197203,-8.605741621152866
ENSG00000227917,NA,0.9116956618054053,1.9054433418517096,7.796181605500314e-18,1.6382053957604277e-16,0.22149741349466492,8.602553464569485
ENSG00000223570,RPL34P7,0.5815835523923324,1.972514297023683,7.831384824790504e-18,1.6445402555247613e-16,0.2293078257905007,8.602036542903702
ENSG00000236543,LOC102723971,0.7574645410532971,2.1521042891008038,7.850399933312777e-18,1.6474697356825677e-16,0.2501935324346501,8.60175827951479
ENSG00000275695,UBE2Q2P6,0.6813869560904403,1.7604756665711632,7.880834790907621e-18,1.6527904195915092e-16,0.20467519365019496,8.601314283253819
ENSG00000089356,FXYD3,2.855340827913532,-1.8548752301490647,7.915302182840985e-18,1.6589494162593528e-16,0.21566276616054614,-8.600813497719107
ENSG00000276674,NA,1.2736255751409398,2.2794931137919567,7.951282464644144e-18,1.6654173600125224e-16,0.2650483080030916,8.600293021924774
ENSG00000114771,AADAC,0.6073655072800022,-2.4067230936510917,8.022908997959902e-18,1.679338377642469e-16,0.2798754816039202,-8.599263786375852
ENSG00000254522,NA,1.0997803268262298,1.6441012605481646,8.05624515935135e-18,1.6852317848448918e-16,0.19120151453957307,8.59878785221591
ENSG00000252847,RNU2-46P,0.4444307050620979,1.7194051063160127,8.065197562764576e-18,1.6860202205758748e-16,0.19996197454376238,8.598660371498356
ENSG00000256944,TMEM109-DT,1.9714688469496366,1.6245292250764833,8.266685432353226e-18,1.7270311094642631e-16,0.18899043890679273,8.595827569233155
ENSG00000250853,NA,1.3752719037763388,1.531147983724357,8.372629302875967e-18,1.7480416300638605e-16,0.17815719183737622,8.594365278961094
ENSG00000235007,NA,0.4852931967069336,-2.6185262726044503,8.557288319050747e-18,1.7854488418350396e-16,0.304768278501863,-8.591859643254978
ENSG00000237153,NA,0.981922479867364,3.2774041030402725,8.67262647120981e-18,1.8083538067661072e-16,0.38152286636563537,8.59032155598073
ENSG00000238055,NA,1.008672820384922,1.6037899493513024,8.795070048535631e-18,1.8327100482944717e-16,0.1867323297245785,8.588710651855616
ENSG00000254984,NA,0.6052952793867195,1.6433337083588324,1.031349434974057e-17,2.1436252026093373e-16,0.19174549376724143,8.57039024006303
ENSG00000178401,DNAJC22,2.9549561871007843,-1.8038154720716295,1.0439275678123594e-17,2.1683828815964512e-16,0.21050492293603992,-8.568994239720004
ENSG00000248079,DPH6-DT,1.6934570286263149,1.7236580548589673,1.045055049296712e-17,2.169339543300794e-16,0.20115348600888514,8.568869916491687
ENSG00000229321,NA,1.1045615239128836,1.6995998654595619,1.0930427289023294e-17,2.2660607957766075e-16,0.19846565599172272,8.563697617941745
ENSG00000251014,TMEM183AP6,1.1361486308132722,1.868856754979038,1.1043286803720285e-17,2.2880002111554994e-16,0.2182602924788346,8.562513747938219
ENSG00000202300,RNU6-487P,0.4383002191803553,1.7156195862978476,1.157970393783807e-17,2.396085303371481e-16,0.20049205371304235,8.557045301921827
ENSG00000282499,TRBV25-1,1.9783550795768123,-1.9323386781155358,1.1706331768572379e-17,2.420747360255069e-16,0.2258515546874132,-8.55579090783751
ENSG00000201801,RNU5E-4P,4.444331559807205,1.7096095062236878,1.2025873894230137e-17,2.48366746686678e-16,0.19989157726192394,8.552684058235906
ENSG00000224045,PAEPP1,0.5051936365511277,1.9744782899190685,1.2396350980618046e-17,2.5569340817853126e-16,0.23095521926932316,8.549182374686131
ENSG00000232383,RPL23P7,0.7460326570680187,1.6519524344852807,1.2559331654765487e-17,2.5889096328657274e-16,0.19326337635059912,8.547674503463469
ENSG00000129991,TNNI3,2.5373794450999267,-1.9803459929875913,1.2881275255084097e-17,2.6519121613757944e-16,0.23176167390578373,-8.544751854841392
ENSG00000034971,MYOC,2.8793473732106905,-2.127461744003923,1.3220011226440911e-17,2.7199274204533204e-16,0.2490661576867161,-8.541753579705183
ENSG00000171944,OR52A5,0.8580427417828808,-2.113625656668494,1.3506754328497637e-17,2.775411906490026e-16,0.2475181862300111,-8.539274179653072
ENSG00000231881,NA,2.0651959690719073,1.6789489973833935,1.3618012602868214e-17,2.796507032487988e-16,0.19663678505232912,8.538326117041581
ENSG00000258745,NA,2.7256459809607207,-1.673260201012201,1.3908075122807246e-17,2.854270458010562e-16,0.19602645065893157,-8.535889903569817
ENSG00000281091,LL0XNC01-250H12.3,1.164277504899913,1.8602698124403878,1.3961422242340728e-17,2.863411996840222e-16,0.21794637645156942,8.535447309231886
ENSG00000228131,IGHD6-6,1.0340352812273723,2.340940498435066,1.3994387399907072e-17,2.868364419307985e-16,0.2742697830059665,8.53517464730754
ENSG00000235450,NA,0.5186267154293219,2.36366441204214,1.4273282750883063e-17,2.9236860284680373e-16,0.2770062208848116,8.532892887719768
ENSG00000211807,TRAV26-1,2.8467421290560764,-2.005089371165949,1.4347166777414412e-17,2.93697067926832e-16,0.23499998386279947,-8.53229578235454
ENSG00000279391,NA,0.9823679739051957,2.037470577071827,1.5735986768962213e-17,3.2152021207336865e-16,0.23909475213431794,8.521603083647872
ENSG00000141052,MYOCD,1.467442205678393,-1.6927645353302596,1.5832901033351627e-17,3.232973037117776e-16,0.19866048277817036,-8.520892085118136
ENSG00000254364,NA,1.0253046533018129,1.7946673761100724,1.601342041263962e-17,3.267782554468893e-16,0.2106521172154052,8.519579104324457
ENSG00000251613,NA,0.4623273796594599,1.7935246201783197,1.632607356928305e-17,3.329495429853536e-16,0.21057334554097537,8.51733924619305
ENSG00000223475,NA,1.4049785835359219,1.690793983400143,1.6585802409369394e-17,3.3802282863480614e-16,0.19855462390596684,8.515510493479535
ENSG00000242753,NA,0.6322330951009232,2.638551740997582,1.659562399562793e-17,3.3802282863480614e-16,0.3098549404033408,8.515441895368708
ENSG00000271931,PNRC1-DT,2.094469164515103,1.6101738058446953,1.6797607329912624e-17,3.417089250953082e-16,0.1891198316267861,8.514039971346069
ENSG00000224807,DUX4L9,1.1107221730655126,1.953045090462784,1.7103314802344473e-17,3.474932066774897e-16,0.22944744944333298,8.511949447252979
ENSG00000259651,MTCO3P23,0.9774656527883654,-1.9325580726274039,1.7183556822138477e-17,3.486981495825852e-16,0.22705506973693398,-8.511406835647694
ENSG00000254557,NA,0.4631491092439346,1.6882881482518226,1.7754448226521307e-17,3.5979189942477656e-16,0.19844430476000724,8.507617037906877
ENSG00000256518,NA,1.0178253819680865,-2.0117739680640367,1.7763950764762396e-17,3.5979189942477656e-16,0.23646911163376397,-8.507554979019035
ENSG00000224091,NA,1.7600146840897075,-1.742611948356241,1.8685528352304445e-17,3.7798685711676553e-16,0.20497249257472555,-8.501686867670537
ENSG00000259389,NA,0.5622762205197489,1.6267619778153501,1.8937686671609228e-17,3.828496408042915e-16,0.1913808126705354,8.500130995973157
ENSG00000248424,OR51K1P,1.2929881935617558,-2.028142583567128,1.8977643927841568e-17,3.8341913148126117e-16,0.238608200757783,-8.499886328827168
ENSG00000174407,MIR1-1HG,0.568888842363563,-1.9769096161645556,1.9338490087854e-17,3.90467042568414e-16,0.2326405645106698,-8.497699531991493
ENSG00000255428,LOC100132078,2.2239461349097405,1.9345822361853533,1.9506179395464552e-17,3.9360856288813333e-16,0.22768638719305384,8.496696970052204
ENSG00000224730,NA,1.3400578567501493,1.6955781644747832,2.0638096274945725e-17,4.159330827951887e-16,0.19971135188853162,8.490144142738394
ENSG00000235700,CYCSP52,1.4417124387677742,1.5558485840630074,2.151851567381716e-17,4.331400234145573e-16,0.1833583714753828,8.48528797209508
ENSG00000228171,C11orf98P3,3.068362680532912,1.8369788148021453,2.212753971239571e-17,4.451234457419962e-16,0.21657270561915348,8.482042137075673
ENSG00000249131,PSD2-AS1,0.7645356684451654,1.7104619625220616,2.2412181533734288e-17,4.50570729869783e-16,0.2016922142730074,8.480555229597545
ENSG00000272362,NA,0.5386321552055128,1.877948408498007,2.2512517496664324e-17,4.520291167478377e-16,0.2214552522764318,8.480035534013235
ENSG00000224129,NA,0.9597004108185657,-2.1056065377900395,2.276738834597055e-17,4.568646564575756e-16,0.2483399783604308,-8.478725623202099
ENSG00000105492,SIGLEC6,9.678040004192434,-1.757337750877054,2.348191098346609e-17,4.709122074415444e-16,0.20735232972376533,-8.475129038666594
ENSG00000233755,NA,0.7703719695548812,-2.032041827325144,2.3977190132522304e-17,4.802524880730822e-16,0.2398340676821955,-8.472698841174665
ENSG00000074317,SNCB,1.734737369139053,-1.8048138632926016,2.7546084476539992e-17,5.510572176217054e-16,0.2134226112556641,-8.456526010407451
ENSG00000273962,IGKV2-40,26.926426857505156,-2.1013453014735117,2.900295375789153e-17,5.798451627760883e-16,0.248664867309177,-8.450511422109372
ENSG00000221586,MIR1261,0.5618617568130528,2.4790990645083855,3.0043148372532026e-17,6.002724387357013e-16,0.29350966341140255,8.446396741062376
ENSG00000251563,IARS2P1,0.591707892112808,2.1173672499729532,3.145126109268479e-17,6.280212528071521e-16,0.2508418343067506,8.4410451543089
ENSG00000248409,NA,0.5440253680121465,1.7184897033943995,3.2100212508967036e-17,6.398012944189213e-16,0.2036449072381287,8.438657890839925
ENSG00000271351,NA,0.43287359513541346,1.9821692256657648,3.2095758394540786e-17,6.398012944189213e-16,0.23489107401193524,8.438674113112732
ENSG00000232163,RPLP1P13,1.163103935892748,1.6409948419208,3.319649420728829e-17,6.612465178044539e-16,0.1945521210268539,8.43473118288078
ENSG00000248358,NA,0.5651505637542846,-1.9868235734975979,3.5130812151114887e-17,6.98920524557471e-16,0.23573787951666,-8.42810488314919
ENSG00000228988,NA,0.7489722165260116,1.6726666778796655,3.585732305789414e-17,7.125027516354188e-16,0.1985194049137061,8.425708703926212
ENSG00000243749,TMEM35B,10.572213381233606,-1.5999118647895947,3.611010880694028e-17,7.170876796533293e-16,0.18990308355681118,-8.424886183119648
ENSG00000259482,RORA-AS2,0.5969835233381684,1.7969873918598611,3.625724622695426e-17,7.195702899758195e-16,0.21330720898103858,8.424410034916354
ENSG00000249094,NA,1.1650060561165778,-1.6988257921942589,3.7761785821929765e-17,7.485163736841752e-16,0.2017692231998769,-8.419647780035143
ENSG00000257042,NA,0.9717587367050735,1.939205902548022,3.817987628139079e-17,7.558825414979182e-16,0.23035442149321683,8.418357633326892
ENSG00000268818,NA,1.0536787778562215,1.8541077395682457,4.286213154179662e-17,8.475497962258727e-16,0.22060126942150196,8.404791796667359
ENSG00000230790,NA,1.503488779551528,1.7280137935188693,4.308845206526473e-17,8.515073929398124e-16,0.20561376447866633,8.404173708410271
ENSG00000223945,RPL6P31,1.2109057217858952,1.546883401159392,4.335334779278495e-17,8.562220382536179e-16,0.18407708798901076,8.403454324808417
ENSG00000199879,RNVU1-22,1.7815115359497236,1.9163586840829334,4.3763609336968934e-17,8.638001726413384e-16,0.22807416793188118,8.402348680957553
ENSG00000267035,NA,0.9851001394582718,1.5695227259330458,4.469442924826157e-17,8.811032694469409e-16,0.18685066641372547,8.399877592396713
ENSG00000263368,NA,1.457164593494495,-1.6251879323188734,4.5188030171111983e-17,8.902945156910543e-16,0.19350728775953235,-8.398587728326088
ENSG00000244361,NA,1.935674505970591,-1.7418774829450647,4.922364324167607e-17,9.686307727557406e-16,0.20764977777987695,-8.388535261480389
ENSG00000218069,NA,0.9682912821277949,1.528111908611202,4.929914982635008e-17,9.691814957454728e-16,0.1821706285800908,8.388355030236786
ENSG00000283529,NA,1.3899492725546432,-1.6015332406577873,5.913803653035602e-17,1.159519018842327e-15,0.19141225601299436,-8.366931533104466
ENSG00000280143,NA,8.469231077268065,-1.5242507325053531,5.926665156381571e-17,1.1613407482336128e-15,0.18218117140182738,-8.36667544058872
ENSG00000278196,IGLV2-8,1998.5727499372636,-1.527729881936117,6.025998151982391e-17,1.1800943280414402e-15,0.182639782640967,-8.364715834880979
ENSG00000207181,SNORA14B,1.762156825375454,1.579622617201095,6.556868105661551e-17,1.2825123616413645e-15,0.18906869501520163,8.354754958636008
ENSG00000255100,TSKU-AS1,1.2992669319159869,1.867472550417392,7.005863303514677e-17,1.3695115476966671e-15,0.22373159405127838,8.346932664277066
ENSG00000282651,NA,504.1868122809783,-1.8101536909161349,7.020917280287904e-17,1.3716300137730028e-15,0.2168711269125351,-8.346679047073778
ENSG00000227220,NA,1.092801645055958,1.8196296381019432,7.08688894431266e-17,1.3836874164501935e-15,0.21803529155927648,8.34557389810102
ENSG00000152954,NRSN1,1.0178956016481253,-2.277134798750741,7.297548634599745e-17,1.4239631792817068e-15,0.2729686304011076,-8.342111675633411
ENSG00000171234,UGT2B7,0.8388430718866395,-2.600040961246313,7.311410063339727e-17,1.425812629138577e-15,0.3116849770786462,-8.341887330008387
ENSG00000240405,SAMMSON,0.6133385419404563,2.0031289989605665,7.616117339070025e-17,1.4834554778758669e-15,0.2402680656633465,8.337058832309687
ENSG00000230500,NA,0.7265498413764718,1.9870973673878627,8.01525880753044e-17,1.5593321680104672e-15,0.23851805733192877,8.331014387822886
ENSG00000255008,LINC02739,2.9800323085734095,1.5809777987181386,8.415474800614731e-17,1.6352363459641338e-15,0.18990166216232196,8.325244659347787
ENSG00000259505,NA,0.8984271293724341,1.5208772819078826,8.624340491659186e-17,1.6738218825339501e-15,0.18274635000958347,8.322340127877387
ENSG00000232260,NA,0.6794902332681936,1.5495014681523072,8.764784665078996e-17,1.6990519403199619e-15,0.1862286258072877,8.320425828388787
ENSG00000256176,NA,1.5319839243201574,1.6060519281068508,9.107974642467545e-17,1.7645276901142605e-15,0.19313090002921798,8.315872436072517
ENSG00000164488,DACT2,0.5332142824792173,-2.3000615649756027,9.439580600319396e-17,1.8265953466221854e-15,0.2767280752932555,-8.311630695722403
ENSG00000251476,MTCO1P31,0.7496923578127898,1.5455248056370376,9.847044029964532e-17,1.904308253309669e-15,0.18605951122099304,8.306615423714263
ENSG00000200120,NA,0.4929774822878628,1.7282555230834908,1.0208076910028646e-16,1.9717834069442507e-15,0.20816487522586227,8.302339773740913
ENSG00000230427,NA,0.5520483027816911,1.7891366638868116,1.0720516756281531e-16,2.0695369082986683e-15,0.21564904192750337,8.29652034572118
ENSG00000081277,PKP1,2.9982505943882,-1.6329022111925802,1.0787113677803164e-16,2.081157969819581e-15,0.19683518247192286,-8.295784273350126
ENSG00000261117,NA,0.7204392582925754,1.8225050802947083,1.080443513256559e-16,2.083264173041455e-15,0.21969556092412693,8.295593559690177
ENSG00000200332,NA,0.600954475361185,1.5394649215821183,1.0963048447699866e-16,2.1125950231444388e-15,0.1856149877028514,8.293861075737201
ENSG00000254664,NA,0.7361317001670643,1.593133555643977,1.1028865398629889e-16,2.1228383416379607e-15,0.19210235755697616,8.2931494225492
ENSG00000270487,NA,1.185946927624622,1.6312306341947318,1.1029257247196734e-16,2.1228383416379607e-15,0.19669625880296385,8.293145198195058
ENSG00000280098,NA,0.6393356305546454,2.6789404244057238,1.104357581640351e-16,2.124337280638518e-15,0.32303669987172634,8.292990937158212
ENSG00000271860,MIR2113HG,1.1658214062147685,1.6090233090638955,1.1064542958355251e-16,2.12711260844787e-15,0.19402735165255897,8.292765403225946
ENSG00000255583,NA,1.1744548807373418,2.460752827629565,1.116931671631572e-16,2.145986616351552e-15,0.29677499741614577,8.291644677125655
ENSG00000277911,NA,0.8830693538312421,1.6042208236318758,1.1475401007374083e-16,2.203493766044062e-15,0.1935494434079565,8.288429020436691
ENSG00000271384,NA,0.8697586460761633,1.6558484836225293,1.1492424574512848e-16,2.2054606876681647e-15,0.19978257786567452,8.288252666035037
ENSG00000223783,LOC107984010,0.5834335731538999,1.8252739727221476,1.1622331246150013e-16,2.2290754173040544e-15,0.22025975893717525,8.286915329108169
ENSG00000236457,NA,0.8278998429371703,1.788229606186253,1.1666989053334615e-16,2.2363218616786586e-15,0.21580141853312107,8.286458997079283
ENSG00000259720,NA,0.7083412447669534,1.6949004385012274,1.191748050212329e-16,2.282990611148801e-15,0.20460098777665342,8.283930869148174
ENSG00000204909,SPINK9,1.3476930603578958,1.516079813448091,1.1939288595337284e-16,2.2858221273050687e-15,0.18301934980560816,8.283713252496948
ENSG00000220924,NA,0.4752442924197005,1.6428998223234845,1.2697422757898097e-16,2.4238366635499373e-15,0.19850459112331723,8.276381987068824
ENSG00000251008,LTO1P1,1.774760601098041,1.777299499665432,1.3882023795879365e-16,2.6484133139728094e-15,0.21501977339180733,8.265749105905954
ENSG00000231829,NA,1.228886347830523,1.6518608990323629,1.4471667324682711e-16,2.7592871907226215e-15,0.1999641383907465,8.260785720509993
ENSG00000226386,NA,0.9357604682730789,1.8907768879493203,1.4639648203373022e-16,2.7896805902713393e-15,0.22892401535851997,8.259408192662345
ENSG00000251168,NA,1.3554563508045279,1.630514990291376,1.67923883300169e-16,3.192418513143131e-15,0.19780564534242723,8.243015448162478
ENSG00000213917,RPL5P8,1.1872523547761915,1.6072729526445773,1.7489162660136882e-16,3.3229409054260075e-15,0.19510116446678233,8.238151509947699
ENSG00000226232,NPIPB14P,5.203412310050711,-1.716439794395156,1.7585511162904254e-16,3.339296597238468e-15,0.2083691703644636,-8.237494017914884
ENSG00000239873,NA,0.77002288638837,1.8615252511656897,1.8528838075317446e-16,3.512272989008892e-15,0.22615373854345047,8.231238020449696
ENSG00000227550,TRBV7-5,1.3781102527887352,-1.8197347165685165,1.9666437443770959e-16,3.721407080692157e-15,0.22126859371818294,-8.224098531064953
ENSG00000231394,NA,1.4274109890429572,1.5551882211765302,2.1480814184130733e-16,4.0600111782766096e-15,0.18934505635202656,8.213513735923241
ENSG00000217004,NA,0.6293755915957848,1.6106085551099578,2.260859700738914e-16,4.265733430721311e-15,0.19623930054187427,8.20737003578078
ENSG00000269564,NA,2.230067505694318,-1.7652925936677664,2.2890261857781366e-16,4.3163735519415205e-15,0.21512525043227967,-8.2058828060422
ENSG00000227045,NA,1.0775672001620655,-1.5585185672494395,2.3729695710610606e-16,4.4694820039070165e-15,0.1900272005088642,-8.201555161976609
ENSG00000213559,HNRNPA1P64,0.8330432209955358,1.875948393353888,2.4194886072084007e-16,4.5518291159788815e-15,0.22879591740008798,8.19922144884027
ENSG00000230735,NA,1.429570968007573,1.5157321308805174,2.4833458028263703e-16,4.66926429331423e-15,0.184933586992246,8.19608896108239
ENSG00000198758,EPS8L3,0.8788431335500089,-2.151464550500197,2.531282345320289e-16,4.756646570108513e-15,0.2625726021054995,-8.1937891967714
ENSG00000248956,HMGB1P44,0.8475556251317607,1.760431300489601,2.580574052374666e-16,4.846473023997872e-15,0.2149103356415301,8.191468759445781
ENSG00000272702,NA,1.595287259060288,1.5530429968196253,2.665029013619484e-16,5.0021964082524275e-15,0.18968249274896387,8.187592720404655
ENSG00000134757,DSG3,2.0097678188933914,-1.8675768294879587,2.700895114795384e-16,5.063672408879784e-15,0.22814325340525662,-8.185983155813663
ENSG00000176956,LY6H,0.9796517466541144,-1.8899711747322616,2.719051953538196e-16,5.091843520131861e-15,0.23090170510082966,-8.1851763455231
ENSG00000230086,VN1R96P,1.4570448315673497,1.6154517084605013,2.718818680982947e-16,5.091843520131861e-15,0.1973628424282106,8.185186677416805
ENSG00000244699,EVA1CP5,0.61382404315154,1.8584607103301363,2.829059021992867e-16,5.294800452668814e-15,0.22718460875261878,8.180398841867907
ENSG00000242593,LOC102724577,1.87359817783743,1.9230369281988238,2.831676212592868e-16,5.2966511698229334e-15,0.23508182887402254,8.180287423360806
ENSG00000251611,FHIP1A-DT,1.1016117462850696,1.6762650489535007,3.050594432497045e-16,5.699582751307517e-15,0.20514031575727537,8.17130968510782
ENSG00000254811,NA,0.7898777601744201,2.087804006497313,3.097129039679945e-16,5.779886024251821e-15,0.2555613268175982,8.169483358440386
ENSG00000272789,NA,1.1926281127673426,-1.5446424485309265,3.102697356025715e-16,5.786957545688329e-15,0.18907969558695262,-8.169266635087148
ENSG00000250403,NA,0.6369726387404973,1.7978081208799912,3.1540065542185815e-16,5.879285111496963e-15,0.22012303629228908,8.1672874914045
ENSG00000260629,BGLT3,1.6212018285233203,-2.0392516889834336,3.1668057432652144e-16,5.8997627272010826e-15,0.24970025036675622,-8.166798735636865
ENSG00000112164,GLP1R,14.213478832729335,-1.8018791750891177,3.2289693191237543e-16,6.008690732978117e-15,0.22069810837166545,-8.16445228454189
ENSG00000241111,PRICKLE2-AS1,1.1056496914078249,1.6769558474478319,3.2393175311420907e-16,6.0245008949679776e-15,0.20540694385491037,8.164066004664152
ENSG00000280177,NA,0.6034265249854419,-1.7829820125398501,3.307963587302491e-16,6.1486536895871666e-15,0.21846163008474873,-8.161533958380566
ENSG00000279806,NA,0.6848952241368006,-1.879892973633456,3.5221924699004764e-16,6.535646130115385e-15,0.23054990483927262,-8.153952503012393
ENSG00000232837,LINC01700,1.0750704903805732,-2.09088984459491,3.6146342871546957e-16,6.703353711092813e-15,0.2565250767856146,-8.150820460887443
ENSG00000177511,ST8SIA3,1.7258589021654713,-2.4777849055751395,3.633254377994611e-16,6.730210615456076e-15,0.30401525898066484,-8.150199150802246
ENSG00000258435,LOC124903037,0.5549465356499483,1.7876924457865133,3.7248668109980657e-16,6.895985636206322e-15,0.21942449482428833,8.14718724642875
ENSG00000236180,NA,0.6998392211223905,1.5235117204501067,3.772095906220057e-16,6.9794502637955634e-15,0.18703348468239084,8.145662917189636
ENSG00000277332,LOC101928087,1.4991667922047622,1.9708589127943976,3.79502512076736e-16,7.0178838617578555e-15,0.24197371855335167,8.144929641852208
ENSG00000246740,PLA2G4E-AS1,2.6085211309037244,1.6756353886296875,3.856895541642951e-16,7.128244214691017e-15,0.20577686674693452,8.142972604838
ENSG00000015413,DPEP1,185.79024294193482,1.7754682594077604,3.983716451962453e-16,7.358451377026386e-15,0.21814179137212392,8.139056015997516
ENSG00000277562,VN1R99P,0.7502582199293283,1.7363802971697375,3.991152399170413e-16,7.368002567549103e-15,0.21334519260385285,8.138830202721802
ENSG00000118729,CASQ2,3.006657800143046,-2.117886155087768,3.9967521361932425e-16,7.369974687420282e-15,0.26022539884854284,-8.138660424612995
ENSG00000223298,NA,3.958391625542469,-1.6239911648327137,4.004201811362816e-16,7.379528414731427e-15,0.19954588081410882,-8.13843492136817
ENSG00000174417,TRHR,1.2003442744235797,1.757781626387472,4.0280229110455623e-16,7.41502712226882e-15,0.2160042809579508,8.137716616503802
ENSG00000230683,DDTP1,0.9332308655114009,1.505728449962929,4.050755109609462e-16,7.45265623333578e-15,0.18504632739249155,8.137035039713117
ENSG00000258220,LINC02424,0.4565770031101655,1.9485671628251957,4.054253860800481e-16,7.454876743025327e-15,0.23947201829296696,8.136930471940751
ENSG00000200377,LOC124900522,0.6467045080032834,2.6855072522652486,4.061214530244584e-16,7.46345684970598e-15,0.33004777854744183,8.136722701435264
ENSG00000011083,SLC6A7,1.0846435135822616,-1.7460870775236788,4.4337358088314023e-16,8.143453325221223e-15,0.2148742977594835,-8.126086254755963
ENSG00000256975,NA,0.8060461307482594,1.559347306883645,4.494718549283516e-16,8.250801634937596e-15,0.19193314754636537,8.124429400643017
ENSG00000260256,NA,1.5648346743481885,-1.6717822508127915,4.56025053139421e-16,8.36637503018561e-15,0.20581674970712274,-8.122673461667905
ENSG00000214077,NA,0.6730806314866106,-1.6916108261573117,4.590904085147571e-16,8.417865168076673e-15,0.20827873148898512,-8.121860614686781
ENSG00000230863,NA,1.3642685941695116,1.7941319514859253,4.71829921199288e-16,8.639095760804159e-15,0.2209919787934634,8.118538787159785
ENSG00000249509,NEUROG2-AS1,0.6726689587004899,2.017203618511648,4.75890218343702e-16,8.706275040654635e-15,0.24850064201983021,8.117498619382546
ENSG00000237897,NA,0.5314343379976286,1.6728093001605953,5.12908206145723e-16,9.37823391203377e-15,0.20630573025666718,8.108399597429674
ENSG00000253772,NA,1.280393680880803,-1.7133160254484814,5.58046861209609e-16,1.019783612439672e-14,0.2115690145536589,-8.098142485859828
ENSG00000088386,SLC15A1,1.4384460748074348,-1.9410805905217299,5.593699756663833e-16,1.0216275445522805e-14,0.23970307622161233,-8.097854316759562
ENSG00000183313,OR52L1,1.4422805275522426,-1.7290856116806375,5.987670223745367e-16,1.0905203641544754e-14,0.21374263799709664,-8.089568033235018
ENSG00000178934,LGALS7,1.5228919657458684,-1.6034631482298425,6.206786463381972e-16,1.1297949081191316e-14,0.19832104690288796,-8.085189006767454
ENSG00000259590,LINC02244,1.1913896902465713,1.600698564484031,6.213903100851484e-16,1.1304577184815274e-14,0.19798253485316156,8.0850493487783
ENSG00000187918,OR51I2,2.8409937097051916,-1.7738666256299442,6.306805570774097e-16,1.1467175606827267e-14,0.2194499369237727,-8.083240535385105
ENSG00000094796,KRT31,0.5373754642376963,-2.078140517455339,6.501716094881066e-16,1.1814962074541414e-14,0.25721058771280547,-8.07952944680386
ENSG00000284158,MIR6822,0.4650057983670502,2.1903476476179455,6.515823528880418e-16,1.1833987032240214e-14,0.2711072872709899,8.079265111854209
ENSG00000211768,TRBJ2-4,0.8854285200678204,-1.697106225886177,6.60394332719681e-16,1.1987336414456352e-14,0.2100996123549746,-8.07762664035203
ENSG00000256195,LOC101928940,1.345316049627137,1.5012637169809135,6.775488533303369e-16,1.2291862298454654e-14,0.18592657300065793,8.074497866292631
ENSG00000282320,TRBJ1-1,1.6917105179401892,-1.668733188817618,6.930773082276415e-16,1.255956472536419e-14,0.20673792641955918,-8.071732254056997
ENSG00000229648,RPSAP22,1.2549021869806267,-2.0218329300819056,7.199948985968222e-16,1.3040085780377191e-14,0.25062760988876465,-8.067079804093611
ENSG00000236303,LOC124900609,0.4176156518094472,1.9518040898151254,7.355947044288652e-16,1.330780008101342e-14,0.24202535100365755,8.06446135382582
ENSG00000234197,ETV5-AS1,3.5168135263064033,1.7581326504585428,7.364430023064609e-16,1.3315740955544503e-14,0.2180137361861596,8.064320538763173
ENSG00000225078,NA,0.7765890992810621,1.6137226321147282,7.495421433714855e-16,1.3537538500603933e-14,0.20015993187261,8.062166173906212
ENSG00000256357,LOC105370635,0.5241940342728564,-1.9778050834605123,7.494700601707472e-16,1.3537538500603933e-14,0.2453189573942009,-8.062177927335613
ENSG00000267052,CTB-30L5.1,1.0089883947137204,1.7065072627636004,7.611230261066182e-16,1.3731453018966211e-14,0.2117177918101059,8.06029218505265
ENSG00000187243,MAGED4B,1.7295973125275825,1.6207280457337,7.685296461393823e-16,1.385739042661964e-14,0.2011051319592147,8.05910833773448
ENSG00000268066,FMR1-AS1,1.5097390059422473,1.5419808680300142,7.8582143992611475e-16,1.4161329527931667e-14,0.1913985438520277,8.056387666262166
ENSG00000273763,NA,1.9874929611008127,1.5601570107360414,7.961333634485152e-16,1.4339217079874477e-14,0.19369299544304425,8.054793138840212
ENSG00000125514,NA,0.9357160593889365,1.7855662213551848,8.008582356651478e-16,1.4416334637363545e-14,0.22169739920546105,8.054069320409065
ENSG00000259570,NA,1.2243692098434533,1.6388846925110079,8.270341117907326e-16,1.486285391620384e-14,0.20358477074198558,8.050134037717676
ENSG00000250174,NA,0.6738610557643623,1.6270319364823735,8.568281467150326e-16,1.5381294677895465e-14,0.20222123889027369,8.045801447024116
ENSG00000223259,RNA5SP508,0.7689731490712552,2.9242844871614775,8.831958198545014e-16,1.583715194499847e-14,0.36362248975643746,8.042089170887722
ENSG00000235840,NA,0.9931824580399351,-1.6235118114841407,8.944801955029149e-16,1.603066214838502e-14,0.20191592625789467,-8.040533709116783
ENSG00000232120,NA,0.4882300409089853,2.267419306063947,9.054269073178973e-16,1.6217911035923217e-14,0.28205089362471686,8.039043156093895
ENSG00000236359,OR51B8P,1.2362735219744638,-1.8326612437555503,9.185444699457898e-16,1.644381646582094e-14,0.22802007563239554,-8.037280220492912
ENSG00000215450,RPS2P54,0.581879272068223,1.732882894568176,9.27459155120467e-16,1.6594274696236826e-14,0.21563739965793555,8.036096230603034
ENSG00000256381,NA,0.9214190012458053,1.6249446964506389,9.566034099374307e-16,1.7063989508745665e-14,0.20230123868158695,8.032302258950716
ENSG00000275572,GRIFIN,0.7903999777621168,1.5018901834372667,1.078636922180052e-15,1.9183106508842392e-14,0.1873250223329674,8.01756308224365
ENSG00000281186,LINC00706,1.6240492665682542,2.138180780710923,1.1109466951756687e-15,1.9746925738073307e-14,0.2668078233511624,8.013935850361968
ENSG00000267593,LINC01926,1.363685748473354,1.8088113863624016,1.1233153529142754e-15,1.995587209153225e-14,0.22574658541495565,8.01257473302437
ENSG00000237605,DYRK3-AS1,2.5155360240569666,1.6062815010095952,1.140092938512482e-15,2.0220797766594337e-14,0.20051569851546155,8.010751840887593
ENSG00000211974,IGHV2-70D,276.7835337069505,-1.9467970280595417,1.1962209189190793e-15,2.1181640746107682e-14,0.24320249064322408,-8.004840011755784
ENSG00000207493,SNORA46,0.8988883336757069,1.619407621800062,1.2269517363320234e-15,2.171397501600003e-14,0.20238249226744948,8.001717953250653
ENSG00000236028,EYA2-AS1,1.036364727535152,2.040430938417819,1.2361062658865668e-15,2.1852209030846872e-14,0.25502827547919743,8.000802791705567
ENSG00000122043,NA,1.032907558805498,-1.6558995550973177,1.239211763708553e-15,2.189520926122315e-14,0.20697466740812603,-8.000493856729374
ENSG00000259218,LINC00928,0.7492732647524413,1.7890102936310763,1.2427577323629679e-15,2.1934033379437126e-14,0.2236223164323711,8.000142034894434
ENSG00000241593,NA,0.7310379720022386,1.552573415956831,1.2851226821023577e-15,2.2669452604894516e-14,0.19416843286092858,7.99601352846499
ENSG00000259644,NA,1.2209255604976559,1.9280584553376896,1.3218952549736169e-15,2.3292854200315173e-14,0.24123233824482973,7.992537274919082
ENSG00000231666,LINC01704,0.6324931711511014,1.7546433028815378,1.3398940273648538e-15,2.3597224105102305e-14,0.21958099986892246,7.9908703573121604
ENSG00000224509,MRPS9-AS2,0.8251440940171811,1.6224355004531998,1.359911769295539e-15,2.3936801965176024e-14,0.2030826056768948,7.989042168557266
ENSG00000214141,NA,0.6904475920430239,1.6308838623417874,1.3782823571026024e-15,2.4247035430953733e-14,0.2041823868251577,7.987387588618604
ENSG00000211688,TRGJP2,2.3139781181705765,-1.8263770397309582,1.3811443556113836e-15,2.4284250594230858e-14,0.2286649439578159,-7.987131775073875
ENSG00000231341,NA,0.5992194379943379,1.5503776579040562,1.381972778843076e-15,2.428568911410458e-14,0.19411123491761828,7.987057825694859
ENSG00000228262,LINC01317,2.1854806778980795,2.11175373749379,1.3963355261030569e-15,2.4524839089136195e-14,0.264439171001992,7.985782626273179
ENSG00000211805,TRAV24,1.7589092603160004,-1.7719235272674925,1.4385572086160835e-15,2.525277327677494e-14,0.22198693010287202,-7.982107444102033
ENSG00000171483,NA,1.0954938202183002,2.3620466859491662,1.4755513179251848e-15,2.5888205646963545e-14,0.2960339017748758,7.978973596562687
ENSG00000218233,NA,1.184027907035071,1.68865082409025,1.5133742241552588e-15,2.6523187911272766e-14,0.21172052262394805,7.975848553376109
ENSG00000237633,NA,2.6858130522879975,1.9738466380468338,1.5389030624099682e-15,2.69560790598123e-14,0.24754207240904766,7.973782471955623
ENSG00000228793,LOC100507336,0.6224646790261066,1.7159229997835346,1.6094048356579794e-15,2.8175845260647336e-14,0.2153450969766288,7.9682473567984795
ENSG00000267192,NA,0.7981522880081446,1.567919092675416,1.6437626337044023e-15,2.876186710550661e-14,0.19683539532304203,7.965635906601965
ENSG00000280140,NA,0.653877083021194,-1.9047612234611533,1.7403976631244418e-15,3.040368162519433e-14,0.23933462497458824,-7.958569403250343
ENSG00000247877,FAM174A-DT,1.374205076930541,1.5787208539029067,1.7452116696822674e-15,3.047141448815072e-14,0.19837593761127473,7.958227559818625
ENSG00000283234,NA,0.6520523018522955,-1.820295789569668,1.7608327405487559e-15,3.0727664905885154e-14,0.22876300999078947,-7.957124666452664
ENSG00000225446,NA,1.3148568235408786,1.6361969160818421,1.7624324474645932e-15,3.073908989336638e-14,0.20562955808017963,7.957012266903048
ENSG00000197428,OR51D1,1.2263168040589092,-1.8874297309447643,1.823769869917372e-15,3.17748186013242e-14,0.23732965434068443,-7.95277663968354
ENSG00000157766,ACAN,6.211584767438599,-1.8432889979264375,1.8617042940420506e-15,3.2418371133083415e-14,0.2318536381282754,-7.950226758601127
ENSG00000231738,TSPAN19,2.294179100848954,2.2741241729614496,1.888129573256135e-15,3.283123246408885e-14,0.2861080372755969,7.948480562155172
ENSG00000266446,NA,1.2815971853507437,1.5354571398695556,1.9253602050439235e-15,3.343732875049052e-14,0.19323501126784634,7.946060756770585
ENSG00000276422,LOC124906839,0.8716403993184435,-1.9036057270289417,1.989174886282111e-15,3.452715085431404e-14,0.23968790314325192,-7.942018358311693
ENSG00000241449,NA,0.9985141157862165,1.515359689539216,2.093682034277867e-15,3.632175424586158e-14,0.19095557040050865,7.935666324689628
ENSG00000228153,NA,0.5735357341169015,1.6556534814481223,2.2558982881192524e-15,3.909422456896273e-14,0.20887836156655104,7.926400173914674
ENSG00000237810,NA,0.7655060153817619,1.9485407994169914,2.2825436373125354e-15,3.951387942230024e-14,0.2458744811961174,7.924941172983188
ENSG00000253891,NA,1.416318401335162,1.6796948733083013,2.5836808554422493e-15,4.467941034865789e-14,0.2123634971041366,7.909527278525791
ENSG00000231741,NA,0.8259682918860061,1.5750143883420762,2.6641074772366004e-15,4.5996862006131705e-14,0.19922491330541178,7.905709994851795
ENSG00000211915,IGHD5-18,1.386960840293526,3.772884039186823,2.696689770449187e-15,4.653470814491839e-14,0.47732674637029787,7.904195748251484
ENSG00000279440,NA,0.8623700861514972,1.6132708598347887,2.744548279220305e-15,4.731036906543619e-14,0.20415971444544592,7.902003900313424
ENSG00000136297,MMD2,0.481983597473672,-1.8783216160520395,2.833402941157986e-15,4.881617101164564e-14,0.23782145965917864,-7.898032493551497
ENSG00000230927,NA,1.2826928206969987,1.6020078114625234,2.8780216087001843e-15,4.9558648431868494e-14,0.20288636224091502,7.896084260016639
ENSG00000223648,IGHV3-64,145.70297770050618,-1.571441348272229,2.8838356762011665e-15,4.963249041030241e-14,0.19902161436843102,-7.895832587123724
ENSG00000159763,PIP,0.9893264491606012,-1.8332766488337762,2.978810253341658e-15,5.121286465153142e-14,0.23230173230489737,-7.891790692406848
ENSG00000175356,SCUBE2,6.994037705676675,-1.5324943839266039,3.0347087892496692e-15,5.214633253920404e-14,0.19424552584611796,-7.889470695663033
ENSG00000221836,OR2A5,0.6661863419436267,1.7371211059489455,3.0530074958734756e-15,5.243306643388195e-14,0.22020315405599572,7.888720365500355
ENSG00000230937,MIR205HG,0.991969834501877,-2.1127518775307386,3.0733575051067356e-15,5.272688445470037e-14,0.26784749551285086,-7.887891105666031
ENSG00000248583,NA,1.0487174606920544,1.8359206197920226,3.2813875615208732e-15,5.605933539976416e-14,0.2329933909525302,7.879711146682572
ENSG00000279486,OR2AG1,1.5982147101929247,1.7227729689599538,3.3428514593288975e-15,5.701954497590476e-14,0.21869839519914303,7.877391909488984
ENSG00000248399,NA,0.6158256302671461,1.5891907705872566,3.4309440017523474e-15,5.846084153431135e-14,0.20182404129350145,7.874140069746126
ENSG00000235175,RPL26P37,1.6679609522506007,1.60179120951447,3.494161278318289e-15,5.950684715242792e-14,0.20348327730065802,7.871856747951495
ENSG00000213078,NA,0.7148054438373046,1.632491301222254,3.626992507310395e-15,6.167214442121931e-14,0.2075063095391793,7.867188736803316
ENSG00000238217,LINC01877,0.8513842339550887,1.8984822672219566,3.752411485963137e-15,6.377139018568909e-14,0.24144708075691643,7.862933199566436
ENSG00000227211,H3P45,0.4254659505955253,1.5602572443855638,3.801547471941369e-15,6.457270818136232e-14,0.1984730819857773,7.861304055818374
ENSG00000201435,RNU4-24P,0.6757349217253206,1.5307838697390836,3.831813250849368e-15,6.505282955304187e-14,0.19474851540503696,7.860310855542941
ENSG00000242635,RPS14P7,0.6597481412042914,2.72500750931732,3.983606608036603e-15,6.759455177162996e-14,0.3468941731361526,7.855443303303284
ENSG00000242268,LINC02082,1.370368222345034,1.9156191199416215,4.105933802301281e-15,6.956136183398753e-14,0.24397657804223202,7.851651725396486
ENSG00000253595,LINC01300,4.4566842957121295,-2.2150728323741347,4.3731646452607905e-15,7.389625952261975e-14,0.28240002543958304,-7.843741617679244
ENSG00000143196,DPT,2.331926573887765,-1.9708861902725472,4.427922011201954e-15,7.47438750287375e-14,0.25131867342628483,-7.842179665374665
ENSG00000264781,MIR4537,3.126347307327683,1.8969357584799469,4.53164700399283e-15,7.637586204449676e-14,0.24197855017194794,7.839272353404879
ENSG00000276110,NA,0.7458889711273603,1.6296575353109009,4.530244844848044e-15,7.637586204449676e-14,0.20788274510542,7.839311215966869
ENSG00000169347,GP2,3.2552163526546503,-2.3568329442617304,4.548984417028668e-15,7.66283610135207e-14,0.3006627428441044,-7.838792801420573
ENSG00000116031,CD207,0.8538858341613702,-1.8006388550582189,4.551852405934948e-15,7.663698502083437e-14,0.22971101334579966,-7.838713646470204
ENSG00000259798,NA,0.4411070894529088,1.657395646570605,4.571807671312938e-15,7.693314016164887e-14,0.21145201787775678,7.838164247402772
ENSG00000277327,NA,0.459999979942558,1.6909864327229212,4.619977419842578e-15,7.770352922059948e-14,0.215773802366611,7.836847727463441
ENSG00000224577,LINC01117,0.6116272466685927,1.7238587586862102,4.637066157264379e-15,7.795063977441639e-14,0.21998140668333824,7.8363839229726056
ENSG00000233646,OR52T1P,1.4530893788121697,-1.5674279939837796,4.759497296322992e-15,7.992613735404971e-14,0.20010291046143738,-7.833109425391616
ENSG00000203307,NA,0.7931061676770469,1.5153706731058547,4.912707250444753e-15,8.241389450359304e-14,0.19355552012907618,7.829126609746397
ENSG00000228060,PABPC4-AS1,9.040558484361245,1.5785021636522656,5.103578102466649e-15,8.548361921577506e-14,0.20174272718602385,7.824332434034924
ENSG00000266050,NA,0.4872982376539685,-2.564689166359602,5.162211585513483e-15,8.642121382068069e-14,0.3278439925058987,-7.822895111654234
ENSG00000235731,LINC02250,0.9416039300194374,1.635326227967644,5.203867144601005e-15,8.707376053476413e-14,0.2090706392735224,7.821883711888322
ENSG00000255998,LINC02824,0.6851538810900208,1.7328202030231301,5.2185718806056996e-15,8.72749131785821e-14,0.2215449556712524,7.821528582191863
ENSG00000261327,LOC105371401,0.8989269186853353,-1.63790628648901,5.222830052560997e-15,8.730124149522309e-14,0.20941274666678505,-7.821425928266086
ENSG00000256091,MTRF1LP1,1.1845190984865424,1.5511291527623488,5.621056316442747e-15,9.371692458290604e-14,0.19855285528735173,7.812172484336765
ENSG00000267345,NA,0.6640161761228252,1.5740404936557157,5.719531816708102e-15,9.526110134863347e-14,0.20154209351389984,7.8099838411530556
ENSG00000186910,SERPINA11,1.2160192197439357,-1.8181346613518283,5.730478180636676e-15,9.53945722926048e-14,0.23280339650988746,-7.809742850012971
ENSG00000279622,NA,1.5325663407128698,-1.7214778057747915,5.88328281432091e-15,9.78381510144328e-14,0.22052062839538256,-7.806425268697616
ENSG00000250111,LOC101929141,0.6270894696023618,1.9550650659631852,6.4777301021963675e-15,1.0744905903327049e-13,0.25083334547518976,7.794278955453166
ENSG00000137440,FGFBP1,1.098207268039826,-1.7232619526281214,6.496310381831622e-15,1.0770233644251734e-13,0.22110344505809176,-7.793917241657447
ENSG00000248553,OR52H2P,1.1090227346681751,-1.772497543702622,7.0760187974635286e-15,1.1719385918731857e-13,0.22773626186450882,-7.783115122690322
ENSG00000224019,RPL21P32,1.0025014972020259,1.6034125381095383,7.548034090063485e-15,1.249478131712901e-13,0.20622815841397546,7.774944752650615
ENSG00000284418,NA,1.0920973781555323,1.7208446494688654,7.558831293690716e-15,1.250629014858452e-13,0.22133722564364516,7.774763799738956
ENSG00000211825,TRDJ1,0.8698336047011909,-1.8137488986791854,7.64545202869812e-15,1.2643175576486652e-13,0.23332998111863495,-7.773321242232466
ENSG00000170465,KRT6C,0.5837008737567653,-1.6786630005629617,7.725442135682679e-15,1.276896248930316e-13,0.2159884563221098,-7.772003324379166
ENSG00000075429,CACNG5,0.41695915140705664,1.521355817200201,8.28690246858397e-15,1.3676121943079626e-13,0.19597236446693814,7.763114056098782
ENSG00000258216,NA,2.197320746955969,1.689695025295107,8.416536259363158e-15,1.3875980306364156e-13,0.21771205269635907,7.761145992462386
ENSG00000240996,NA,1.229057638984728,1.6295367556927998,8.581055024747028e-15,1.4140048523048195e-13,0.21002728304487298,7.75869083325067
ENSG00000248242,NA,1.5273853661140455,1.7224953830858065,8.858170999580885e-15,1.458929550756289e-13,0.2221239583842038,7.754658235049266
ENSG00000159527,PGLYRP3,0.6034116789802315,-2.08938658215491,8.9109329780651e-15,1.4661785373395446e-13,0.26946251062981563,-7.753904531177192
ENSG00000263105,LOC105371062,0.8402345172256267,1.5461574170506847,9.005625874846464e-15,1.4802172736584426e-13,0.199438232008584,7.752562793397289
ENSG00000254730,NA,0.45721499809175664,1.6093996082574327,9.3175253783388e-15,1.529164810830497e-13,0.20771164865722372,7.748239536210824
ENSG00000211851,TRAJ38,0.4475517753378017,-1.820938414744525,9.632930504225751e-15,1.5801309301132387e-13,0.23514153217895384,-7.744010162180556
ENSG00000271461,CKAP2LP1,1.6210485682468698,-1.64978928158789,9.841685356064198e-15,1.6135601878127833e-13,0.21311568280735518,-7.741285201799102
ENSG00000271360,USP6NL-AS1,0.6671674949512196,1.8691250948135798,1.1081534505105842e-14,1.8159201732094852e-13,0.24192075167709423,7.726187529825512
ENSG00000249378,NA,0.6655127040849496,2.1211367449459058,1.1179628324668843e-14,1.8310722565197792e-13,0.27457849811432966,7.72506499785246
ENSG00000135824,RGS8,2.5699542302503664,-2.116542525221372,1.1217061995249845e-14,1.8362787749445745e-13,0.27399888535088046,-7.724639180597203
ENSG00000260253,NA,0.7910614487182782,1.9369337860271292,1.1594463119113002e-14,1.896152319449511e-13,0.25088442479913164,7.720422611239888
ENSG00000266401,DLGAP1-AS6,2.901685121304075,-1.6556232368530523,1.2058028981321403e-14,1.9689938087571417e-13,0.21458615167440176,-7.715424429462629
ENSG00000254370,NA,1.463210817614461,1.5208517684755194,1.2361272689985657e-14,2.0174986355235998e-13,0.19719933333944922,7.712256135560053
ENSG00000237875,NA,0.8799077466779884,1.654434604062149,1.24466737197967e-14,2.0294005150754237e-13,0.21454462181720352,7.711377661434747
ENSG00000224467,NA,0.7003114239387901,1.8157877918024745,1.3681679090137796e-14,2.2263014379389804e-13,0.2358381267701517,7.699297041873746
ENSG00000181609,OR52D1,1.3411755257772628,-1.6817317811552115,1.4775563250157933e-14,2.403097607005686e-13,0.21870605498639603,-7.689461461228491
ENSG00000250166,NA,0.8823558384827871,1.7234696030343133,1.573668086711435e-14,2.5555804056190496e-13,0.22436938264448122,7.681393881469082
ENSG00000170782,OR10A4,0.6287345392376144,1.6608561147004197,1.5864090561888088e-14,2.574985717550378e-13,0.21624714205975512,7.6803609928933945
ENSG00000227210,WDR35-DT,1.2647133521668124,1.5234954767750841,1.6020531218211292e-14,2.599081493595895e-13,0.19839495654427372,7.679103860864032
ENSG00000265992,ESRG,6.453356694262363,-1.914369794314037,1.6997639186273457e-14,2.75485404808721e-13,0.2495425943686706,-7.6715151541855615
ENSG00000230506,NA,1.243602840544842,3.62019392649023,1.7279390110678503e-14,2.797730221603536e-13,0.47203051362265397,7.669406578626927
ENSG00000153779,TGIF2LX,0.9057894781554315,2.289595017545814,1.7328907263568884e-14,2.8043517187530777e-13,0.2985504270753255,7.669039498537177
ENSG00000268336,NA,0.9704447452124983,-1.5528515309555313,1.7711077250161213e-14,2.863349506924672e-13,0.20255710784744335,-7.666240634345289
ENSG00000253525,NA,0.6429228102816759,1.6563274020300935,1.7930011630526532e-14,2.8973046116133483e-13,0.21609915648442166,7.66466389307492
ENSG00000237813,CAV2-DT,0.9219978576000935,1.7221400487424987,1.8303779938716296e-14,2.953300366302399e-13,0.2247633262126155,7.662015319676465
ENSG00000219926,NA,0.6128984421562875,1.7366907584033597,1.8506684783430064e-14,2.9845584662142446e-13,0.22670428233110873,7.66059970524451
ENSG00000177504,VCX2,0.5127265619563016,1.748656416740434,1.937630047445962e-14,3.123252239014978e-13,0.2284421675467263,7.654700686477938
ENSG00000260592,TMC5-AS1,18.40264450875034,-1.954441970135371,2.0047176674175705e-14,3.224997838069176e-13,0.2554717523072,-7.6503251435219
ENSG00000156885,COX6A2,2.6379021118227577,-2.048561984071955,2.1136511839052605e-14,3.3952022572874226e-13,0.26801296356320825,-7.643518271789945
ENSG00000242741,NA,0.5770466339764471,1.9480234486530528,2.229346095229749e-14,3.573985696679807e-13,0.25508851376754044,7.636656860325223
ENSG00000236166,NA,0.8991367712290605,1.631965514278669,2.252796362920041e-14,3.6098009898060637e-13,0.21373929153572144,7.635308896894724
ENSG00000259093,NA,0.6134170306946157,1.515694708231868,2.2806341121686255e-14,3.652607897617974e-13,0.19855239782554088,7.63372653682904
ENSG00000279029,NA,0.9819867628641851,1.7182946635188547,2.285095966560485e-14,3.6579528346594226e-13,0.22509993611951667,7.633474683024908
ENSG00000230492,NA,2.544464498969982,-1.9807711116121103,2.4020761998903562e-14,3.841432381024263e-13,0.2597038255959686,-7.6270386355173425
ENSG00000250974,LOC105374642,0.4768529523481673,1.871287272537356,2.530646522732599e-14,4.039325723414772e-13,0.24556572528233958,7.620311305194731
ENSG00000224844,NA,1.391242318534276,1.5334485257540247,2.538310900916988e-14,4.049346590732113e-13,0.20124205134970038,7.61992096318545
ENSG00000250934,LOC105374088,1.6485187959683385,1.6281645821140363,2.691660266402064e-14,4.2876750805840516e-13,0.21388474800125779,7.612345421210032
ENSG00000223652,PRDM6-AS1,0.6965063116766792,1.6619733250360245,2.76166194927445e-14,4.3884386851978165e-13,0.21842125630047243,7.609027405051281
ENSG00000273372,NA,3.0566780445138484,1.6575827087030075,2.895407203359236e-14,4.594234415164353e-13,0.21801945638266204,7.602911851104067
ENSG00000177338,LINC00469,0.9646729800368747,-1.7882947682336097,2.971097045050727e-14,4.709739019561893e-13,0.23531516766404395,-7.599572887654791
ENSG00000205076,LGALS7,0.9377621961143973,-1.7726551672979107,3.04755305900919e-14,4.823883498951383e-13,0.23335820073746105,-7.5962840032874235
ENSG00000233040,NA,1.5355720191309086,1.5521069166087162,3.0964859036568206e-14,4.898953962750441e-13,0.20437999309989033,7.594221396465783
ENSG00000223872,LOC105375610,0.5930567929154487,1.5584469405307908,3.1079880878577906e-14,4.914761133779203e-13,0.20522781811614121,7.59374121323477
ENSG00000250910,NA,0.9783517374594307,1.6757509987204557,3.1156480080925314e-14,4.9244800003515e-13,0.2206845490730987,7.593422402061263
ENSG00000204952,FBXO47,0.7148602703995663,1.5620985060754333,3.4072676427222326e-14,5.374956444348631e-13,0.20603198241786025,7.5818253445103
ENSG00000265752,LINC02958,0.6692637230927032,-1.6779530413808124,3.4189458779174476e-14,5.390764494275266e-13,0.22132549822473216,-7.581381516543711
ENSG00000244247,NA,0.7635806693239587,1.898697288244619,3.8964979317421256e-14,6.125919996312609e-13,0.25100424624574724,7.564403059483255
ENSG00000267644,NA,0.6509753090362936,1.5475664207609832,4.222779340084219e-14,6.632475440572645e-13,0.20486871603724618,7.55394210836772
ENSG00000254831,KRT18P58,2.4670157093477334,-1.7932532029206552,4.3298616668953706e-14,6.794102281754589e-13,0.2374955395811355,-7.550681608940393
ENSG00000250519,NA,3.607678571257794,1.6743517242723098,4.508911279926816e-14,7.064829774251419e-13,0.22190355266395542,7.545402965259874
ENSG00000251350,LINC02475,2.0444307318697583,1.9359705401604441,4.551653266314332e-14,7.121509256694208e-13,0.25661798152680804,7.544173360892092
ENSG00000258159,NA,0.8605808126242965,1.6552220637965098,4.551482793809946e-14,7.121509256694208e-13,0.21940389139782188,7.5441782424691395
ENSG00000117501,MROH9,0.5891715262280564,1.7312940193424893,4.7303889811011796e-14,7.387143523999365e-13,0.22964043135771062,7.5391515732073096
ENSG00000214491,SEC14L6,1.223049833896058,-1.618398795982703,4.730515236255127e-14,7.387143523999365e-13,0.21466600419179604,-7.539148092292827
ENSG00000250156,NA,0.6203360040548643,1.5690298829315759,4.786704588943954e-14,7.47130167318469e-13,0.20816018812190193,7.537607921514401
ENSG00000186207,LCE5A,0.7859772913069458,-1.761719817709682,5.0971338933574284e-14,7.940592494402799e-13,0.23397856649777368,-7.529406834477913
ENSG00000101327,PDYN,0.7284497630604793,-2.0158642660925628,5.2363409949209375e-14,8.137969416282286e-13,0.26785734763440006,-7.525887506524655
ENSG00000250455,NA,0.45640378161108613,1.6239867330549949,5.589362930249724e-14,8.670042794237626e-13,0.21603154167309968,7.517359365570894
ENSG00000204790,LOC728877,1.4018987296129006,1.7286752158965837,5.61949024621181e-14,8.708469686935577e-13,0.22997928244962426,7.516656272180694
ENSG00000164621,SMAD5-AS1,0.6413049926222414,1.559229279613684,6.210834148592278e-14,9.601996824401597e-13,0.2077986493291929,7.503558298608408
ENSG00000254077,IGLV3-7,0.61672148734484,1.7662977265346793,6.216066226356853e-14,9.605520295056327e-13,0.23539814403745957,7.503447972187934
ENSG00000260782,NA,1.31531287076325,1.5448165768528632,6.313539933957285e-14,9.746883102599077e-13,0.2059368517932276,7.50140911352742
ENSG00000264229,RNU4ATAC,7.015243610660431,1.637638520594128,6.552081368242628e-14,1.011034643008521e-12,0.2184523714579101,7.496547232080092
ENSG00000259092,TRAV30,1.6795151802832191,-1.5590146268789882,6.58708366154592e-14,1.0159538043753707e-12,0.2079837426898912,-7.495848505830173
ENSG00000259541,POU2F3-AS1,0.43478549334373573,1.66948606705325,6.797962410672528e-14,1.0474851790353197e-12,0.22284432314423197,7.491714590246508
ENSG00000279971,NA,0.7541375762460096,1.5002457614527127,7.04970996382499e-14,1.084222060062881e-12,0.2003816591175265,7.486941509815519
ENSG00000250507,NA,0.5442141424099037,-1.6736089033048018,7.061271142558065e-14,1.0854868985119506e-12,0.2235434853008184,-7.4867263568547155
ENSG00000246876,LINC02466,0.9790368326285901,1.8869931568766947,7.160237803295349e-14,1.099661073019788e-12,0.2521067082747077,7.484898635940045
ENSG00000250753,NA,0.6024645630186174,1.7051058999274613,7.729385423343286e-14,1.1859502313703321e-12,0.22811248821824143,7.474846788292187
ENSG00000106631,MYL7,2.3513664147610642,-1.6226323923743007,7.910944981463874e-14,1.2132353529328471e-12,0.21716774208531373,-7.471792895175262
ENSG00000250723,NA,0.6579483192871505,2.712661737972883,8.011151499461838e-14,1.2268678718196547e-12,0.3631341465319243,7.470136763176592
ENSG00000144820,ADGRG7,1.77655553462051,-2.5051625747092485,8.374319376343768e-14,1.2806763548364367e-12,0.33561919493941256,-7.464300649316233
ENSG00000235833,NA,0.6177366203603764,1.6269566030356748,8.477833464853358e-14,1.2958974010561562e-12,0.21801229760710686,7.462682705944009
ENSG00000155511,GRIA1,9.561121057223172,-1.6903999697120593,8.951777094730733e-14,1.3654274451692538e-12,0.22673149614568044,-7.455514555533726
ENSG00000274238,NA,0.6231326123264926,1.830835689009497,9.135793927243345e-14,1.3912411276468704e-12,0.24565639120971702,7.452831493590213
ENSG00000163209,SPRR3,0.49809541835755383,-1.5436343553257492,9.377016981284961e-14,1.4266398894632237e-12,0.20721610655797254,-7.449393683564308
ENSG00000235447,TRAPPC13P1,0.6992909939666575,1.753560760838713,9.73664774779392e-14,1.4785885991607872e-12,0.2355535064127469,7.444426481030807
ENSG00000137948,BRDT,2.342976616002473,-1.8963847360323158,1.0610496748502674e-13,1.6075372064988122e-12,0.2551280290994737,-7.433070928059108
ENSG00000229415,SFTA3,0.5864385558323757,-1.9505782644070877,1.0642846856965988e-13,1.6116877214310506e-12,0.2624331071517381,-7.432668406731429
ENSG00000283586,NA,0.5720382789737598,1.6021747332626526,1.0955070076990633e-13,1.6558853134960564e-12,0.21566944915635308,7.428844185071061
ENSG00000211812,TRAV26-2,1.6221911178670836,-1.5929946713906769,1.1174575997657497e-13,1.687460795343082e-12,0.21450951414356334,-7.426219194755828
ENSG00000224408,NA,1.210702770083876,3.5753839128116764,1.1179531523500804e-13,1.687460795343082e-12,0.4814579355099734,7.426160520180298
ENSG00000217083,MTCO2P33,1.1653992030994338,-1.6993420256889467,1.1242992202189048e-13,1.6962525526567967e-12,0.22885493317417827,-7.425411382308291
ENSG00000162624,LHX8,1.4508199874453969,2.46160647388424,1.1563388102791773e-13,1.7429744587933772e-12,0.33167728198421265,7.421691528458102
ENSG00000229494,LOC101927948,0.6624502948913116,2.7254539161585356,1.1771436803974138e-13,1.7735122573398368e-12,0.3673450232150924,7.419329904907121
ENSG00000229263,NA,0.5045634021002369,1.6574268521325128,1.1799293307795726e-13,1.7768861699813859e-12,0.22340249298692286,7.4190168156697
ENSG00000266079,NA,0.6908736141370573,1.5854005114925205,1.307749753625648e-13,1.9657340104406226e-12,0.21408765097423854,7.405380479807749
ENSG00000232894,NA,2.7301979415451614,1.525083027651045,1.3365369438861643e-13,2.0062239829593518e-12,0.20602296140181878,7.4024905635473575
ENSG00000203855,NA,1.5841029585795825,2.005599297008472,1.440785936806859e-13,2.1597182005738947e-12,0.2713013955056744,7.392513751248007
ENSG00000099812,MISP,1.7654819101462425,-1.74619549361439,1.6633963053610667e-13,2.488820378140974e-12,0.23682388487973277,-7.373392656324203
ENSG00000253126,NA,1.8692270732408274,1.530688264064978,1.893067160307491e-13,2.824664614242297e-12,0.20808312417267555,7.356138418965455
ENSG00000251273,NA,1.8015116055724496,2.1335872120694255,2.0347930333641438e-13,3.026417365764466e-12,0.2904226625267265,7.346490089674319
ENSG00000265717,NA,0.8388844035421471,2.02186572193796,2.1168976571087557e-13,3.1456576971417816e-12,0.2754135793455519,7.34119837788098
ENSG00000227192,NA,2.659562612058067,1.5033413929449313,2.1330067268225633e-13,3.168148073519833e-12,0.20480977408292186,7.340183834860682
ENSG00000241596,NA,0.5932537889396132,1.8873923807598147,2.1879060167529468e-13,3.2482066140091216e-12,0.25725071157483126,7.336781963422458
ENSG00000240270,RPL12P37,1.0580704130999983,1.5078554677151232,2.2117932063419355e-13,3.280675303962174e-12,0.20556074544670344,7.33532788294967
ENSG00000181001,OR52N1,4.245197142105652,-1.7341980739871827,2.449779692714181e-13,3.6204649634078547e-12,0.2368595819077081,-7.321629380663645
ENSG00000231494,RPL21P35,0.9580208235207234,-1.5870789022709626,2.473211358514216e-13,3.653434108526359e-12,0.2168036287924802,-7.320352113617437
ENSG00000254119,LINC02842,1.8011119980192338,1.779946930229864,2.4972917317661864e-13,3.687331159822538e-12,0.24319365078665847,7.319051811066078
ENSG00000274256,NA,2.4562829417393246,-1.6786967845560952,2.561727266947057e-13,3.7807561043218635e-12,0.22946708822139664,-7.31563204801047
ENSG00000225233,NA,0.36290536746316887,1.663118150237413,2.6661675983747775e-13,3.9313281795074684e-12,0.2275045065773292,7.310264641602236
ENSG00000197408,CYP2B6,3.318570841549347,-1.7989411350489972,2.706643435257665e-13,3.98920243144818e-12,0.24615244865619643,-7.308239852456622
ENSG00000163497,FEV,0.6749484528169214,-1.7567464787268166,2.7762071395229165e-13,4.0880247095700056e-12,0.2404911341354419,-7.304828450505109
ENSG00000253619,NA,1.6278367478276534,1.8354115241820692,2.903185828139679e-13,4.271136527260402e-12,0.2514671431229416,7.298812486547165
ENSG00000205755,CRLF2,4.970330947757959,-1.8162473267638208,2.9230904617770396e-13,4.2965335083905805e-12,0.2488728374952713,-7.297892952252495
ENSG00000271892,NA,0.8931137365908567,-1.788513792512473,2.965782585868066e-13,4.3553488014951e-12,0.24513818381776173,-7.295941271401736
ENSG00000222036,POTEM,0.8430202983732759,1.7709668313395581,3.0769307157359276e-13,4.508396500966588e-12,0.24289810095177752,7.2909867322970445
ENSG00000204128,C2orf72,5.132435454615733,-1.8752942501081826,3.1687567166075056e-13,4.638763207822185e-12,0.2573470544401563,-7.287024342236118
ENSG00000111732,AICDA,1.8895474486415886,-1.5660370621543942,3.208006036772438e-13,4.694107978593516e-12,0.2149565691127011,-7.285364986139714
ENSG00000259254,NA,0.6384045959553916,1.5501198281309816,3.2324836846290323e-13,4.727798079748794e-12,0.2128016793728485,7.28434020210445
ENSG00000237434,SMNP,1.3285003326772622,1.5094414889259398,3.339580531240993e-13,4.882241596413799e-12,0.20734245049523062,7.279944291777629
ENSG00000229278,NA,0.7459067664859069,-1.679666354483817,3.454507377214488e-13,5.0434567309709545e-12,0.23086996461303427,-7.275378403159281
ENSG00000261838,C16orf46-AS1,0.8015853917695336,1.5258534256318406,3.469415691482651e-13,5.06294991532291e-12,0.20974515291469895,7.27479707839727
ENSG00000233268,NA,0.5024603496195218,-1.86745291952894,3.4974595575005206e-13,5.099299170164811e-12,0.25674007835735485,-7.273710172081682
ENSG00000261675,NA,0.4490858478620921,-2.393995830973945,3.681696425086253e-13,5.3607082056940745e-12,0.32944402891475133,-7.266775600274814
ENSG00000224309,NA,0.4871275412107649,2.034453465332313,3.905467657920645e-13,5.676365146418353e-12,0.2802741746851068,7.258797452951415
ENSG00000095917,TPSD1,2.0216621251056064,-2.1112102277137144,3.9461377690911996e-13,5.727798721686682e-12,0.2909046561758931,-7.25739579237669
ENSG00000211784,TRAV10,1.9798237470697164,-1.5573135916902465,3.9836819289680835e-13,5.77971479863844e-12,0.2146208708525513,-7.256114400729234
ENSG00000270265,NA,0.8467957984205227,1.5521310058095006,3.987266819923128e-13,5.782336830961191e-12,0.2139102224532909,7.255992668365447
ENSG00000233828,MIR4280HG,3.6070493481897152,1.8146703978510201,4.094295941667387e-13,5.932260952808765e-12,0.25021629599766365,7.252406925038825
ENSG00000223816,NA,0.5945352314695297,1.888691952753782,4.132679450361843e-13,5.9825454900476206e-12,0.26046815749905156,7.251143367728776
ENSG00000225289,RPL29P29,0.7831844738897161,1.6440164463805058,4.368245743024531e-13,6.306715380785705e-12,0.22696022772846763,7.243632344021907
ENSG00000259702,NA,0.6844616211288466,1.8448685778534795,4.394094436299622e-13,6.341220222890599e-12,0.25471644910852637,7.242832507717007
ENSG00000261751,NA,0.49032759159682593,1.7740914601815398,4.458751452690169e-13,6.431674822754139e-12,0.24501142807038884,7.2408518825165356
ENSG00000236116,NA,0.5891879266292248,-2.803575407074668,4.673205846450364e-13,6.732065534691649e-12,0.3875297050561427,-7.234478726394677
ENSG00000248131,LINC01194,0.9745629511230919,2.3505922232023533,4.771633974588991e-13,6.870814959071745e-12,0.325042345295798,7.231649221159926
ENSG00000232795,SCAND3P1,0.8073437161142667,1.8714925434806386,4.81301358263605e-13,6.9273321157515676e-12,0.25883390625446795,7.230476758484316
ENSG00000242353,NA,1.2944086969808075,1.9667016745050292,5.009773504551327e-13,7.207338016631826e-12,0.2722065721212565,7.225033764537276
ENSG00000225988,LAMP5-AS1,2.5856433070665403,1.8488644918309547,5.068271540441691e-13,7.288273062223135e-12,0.2559528984871657,7.2234559669331615
ENSG00000254157,IGKV2-18,5.073480095455184,-1.910483164666048,5.123781379385358e-13,7.361588370523274e-12,0.26453748568419955,-7.221975213549701
ENSG00000250148,KRT8P31,0.47691211588819343,1.579854411746325,5.126887604087406e-13,7.36279911636888e-12,0.21875904991189304,7.221892819440494
ENSG00000171345,KRT19,5.499388707828804,-2.122279120694711,5.14367819555271e-13,7.383652442406821e-12,0.2938855249179933,-7.221448287685887
ENSG00000277152,NA,1.68684157638443,-1.5735661177412978,5.150746376975245e-13,7.390537192335719e-12,0.21790736973217698,-7.221261583191601
ENSG00000240975,RPL18P8,0.6849328841342669,1.5888288077931056,5.20504457191765e-13,7.461863809402262e-12,0.22006440130230898,7.219835640797188
ENSG00000250331,LINC01340,0.9138434084953241,1.5558438525608826,5.349761843549248e-13,7.665949482245372e-12,0.2156071422707032,7.216105348715488
ENSG00000227179,NA,0.6439178713731567,1.5733315450391367,5.54001097382004e-13,7.935071640529206e-12,0.2181743616194157,7.211349369197023
ENSG00000259414,NA,1.4216033779934223,1.5821844610285107,5.682990943234504e-13,8.132702569359083e-12,0.21950761997222476,7.207879440489179
ENSG00000255565,NA,0.5306258803192322,1.6454489795209004,5.744850132994097e-13,8.217611483114863e-12,0.22833147048446478,7.206404688892211
ENSG00000215005,HSPD1P7,1.0699457600443523,1.5169383845751117,5.820882526636826e-13,8.315400387634725e-12,0.21055098051020313,7.204613252806021
ENSG00000254915,NA,0.6406165154097799,1.5224065222535763,5.965814158953598e-13,8.518700744619957e-12,0.21140831890054618,7.201261190529448
ENSG00000224609,HSD52,2.496656248433118,1.5381294745762695,6.124812556023178e-13,8.730407660925589e-12,0.21369811423941817,7.197674532836613
ENSG00000225334,NA,0.3316291587202237,1.6922274675516698,6.606012565286532e-13,9.387521918900843e-12,0.23544520359233082,7.187351628881476
ENSG00000261405,NA,0.4326075613577711,1.6017090700730603,6.620692686651409e-13,9.404274747222576e-12,0.22286048069554856,7.187048439786718
ENSG00000228970,UBTFL6,0.8713904591473598,1.9248025390837578,6.70344330696734e-13,9.513508023081747e-12,0.2678786838088142,7.185351636479949
ENSG00000233625,NA,0.9862131139079849,1.7655202496200317,6.718373860174592e-13,9.530539246566033e-12,0.24572143835055374,7.185047676227934
ENSG00000272071,NA,0.8569392956260228,1.5410303467504864,6.827144105766188e-13,9.680616541951288e-12,0.21454292927361324,7.182853109948745
ENSG00000273063,NA,0.5714556281326431,1.5799919265285678,7.099122374238258e-13,1.0053123752251722e-11,0.22013085306406252,7.177512395632966
ENSG00000078898,BPIFB2,0.5593729803208938,-1.8761808855586537,7.316260908263868e-13,1.0351602210700614e-11,0.2615472842772509,-7.17339081054967
ENSG00000241825,NA,0.5213656490672094,1.5745965179865469,7.35173862118412e-13,1.0397276255212046e-11,0.21952544917560252,7.172728828934078
ENSG00000232772,MTND4P22,0.5808216893845107,-1.8601755675277574,7.600521104838838e-13,1.0737252736813433e-11,0.2595048365966296,-7.168173017211183
ENSG00000268278,NA,0.7995591371824862,-1.6389215428449997,7.602033033964995e-13,1.0737252736813433e-11,0.22863953847046936,-7.16814578007329
ENSG00000226622,NA,0.6514709303331577,1.618526331035085,7.984646468022912e-13,1.1253231382662447e-11,0.22600638758440098,7.161418525972653
ENSG00000234763,NA,0.4039233083534135,1.550018863076571,8.385039688674657e-13,1.1797083520467528e-11,0.21664316319233887,7.154709339710122
ENSG00000278890,NA,0.6288352637330632,1.8041119942234534,8.382090076773323e-13,1.1797083520467528e-11,0.2521555716826622,7.154757605332347
ENSG00000234711,TUBB8P11,0.8799477517153595,-1.5885741607536086,8.530739946943396e-13,1.199169874650712e-11,0.22210533823718723,-7.152345699395858
ENSG00000149654,CDH22,3.0781358785463317,-1.695543447483978,8.570486513362377e-13,1.2037166895796692e-11,0.23708231639036195,-7.151707783604675
ENSG00000268723,NA,0.3899963479271442,1.6121671102113775,8.610092766623223e-13,1.2087574342370315e-11,0.2254440220327255,7.151075001568926
ENSG00000211764,TRBJ2-1,2.8720060464365647,-1.5759497945934544,8.677888246710361e-13,1.217749563800667e-11,0.22041260656674447,-7.1499984467369
ENSG00000253868,FER1L6-AS2,0.6557791332149432,1.702900288956873,8.726658886076559e-13,1.2240653740676943e-11,0.23819355454692578,7.149229088906307
ENSG00000254350,NA,0.35938114827352374,1.606955464208539,8.811750802158502e-13,1.2338727081042263e-11,0.22481514584267162,7.1478968117793364
ENSG00000284377,LOC105373347,1.2779220178964847,2.0006487037795573,9.088710612470991e-13,1.2715594787202426e-11,0.280059877944308,7.143646274734867
ENSG00000231420,LINC01817,1.6022220936076936,3.988176085434214,9.57354599779974e-13,1.3365163271091414e-11,0.5588418136507728,7.136502652477746
ENSG00000239877,IGSF11-AS1,0.6683380900009537,1.6235143407215116,9.926309768149223e-13,1.3845754894440734e-11,0.22765318735527534,7.1315247529912975
ENSG00000232227,NA,0.354928284586245,1.7198069583393958,1.0188360087185726e-12,1.4193018283339499e-11,0.24127692234329223,7.127938062358198
ENSG00000267780,NA,1.557718322286293,-1.8270235985400547,1.1289306142676598e-12,1.5619674615439575e-11,0.25682818415576963,-7.1137971268446965
ENSG00000268223,ARL14EPL,0.873288299918195,1.6113090608009453,1.1366126894968547e-12,1.5712595649789073e-11,0.22653457327624693,7.112861571182952
ENSG00000176774,MAGEB18,0.6832918311020765,1.9101792048135549,1.155014119647802e-12,1.5953417954948496e-11,0.2686365377287113,7.11064556208133
ENSG00000112214,FHL5,1.5762879555803733,-1.723445700831025,1.172672859419553e-12,1.618358199881172e-11,0.2424468250812753,-7.10855132977417
ENSG00000235984,GPC5-AS1,0.5128315655029888,2.335864312290203,1.2023502398492299e-12,1.6586110518157653e-11,0.32875880025952775,7.105100488401321
ENSG00000282855,NA,1.8136751185798736,1.6011270801720092,1.223250758417983e-12,1.6860127402466164e-11,0.22542449634756037,7.102720006539951
ENSG00000272203,NA,0.9616015972779485,1.5390586801129111,1.2334277158667972e-12,1.6993196417499017e-11,0.21672074351111023,7.101575304599354
ENSG00000231971,CT69,2.0894122549898033,1.6805799394500676,1.308727166097354e-12,1.7969724465519092e-11,0.23692220870769304,7.09338288131322
ENSG00000231533,NA,1.7974024632869372,1.6876756910400672,1.3751572121876504e-12,1.881830618344127e-11,0.2381525971382328,7.086530700567906
ENSG00000244618,RN7SL334P,0.5261854038834627,-1.6586596596516108,1.3772600952123065e-12,1.8839157433585324e-11,0.23406505246063042,-7.086319133141827
ENSG00000277453,NA,1.3770140399989157,1.5135121331203472,1.402750303586397e-12,1.9147571076398792e-11,0.21365884267308596,7.083779515908612
ENSG00000255303,OR5BA1P,0.6035911355240032,1.5716116515786707,1.4325680927626438e-12,1.952999787149341e-11,0.22195191161154915,7.080865581050904
ENSG00000280916,NA,0.6824822201777756,1.5856924928271272,1.5326947878308463e-12,2.0868771895588853e-11,0.2242371254761877,7.071498483847251
ENSG00000254326,IGHV7-27,2.896681945046794,-2.3351475902104157,1.5629974525334794e-12,2.1272460726363606e-11,0.3303465397248482,-7.068781747056906
ENSG00000240393,DRG1P2,0.9529716925646982,3.2368914807012463,1.6233885070684132e-12,2.2039057328013917e-11,0.45825484681069,7.063518265500072
ENSG00000228525,NA,0.6020529655309163,1.538424858168735,1.6952560852273002e-12,2.299553375324171e-11,0.21798441498936735,7.057499309039019
ENSG00000162706,CADM3,2.2865488368090205,-1.514903561911145,1.7555444061893498e-12,2.3793478518552987e-11,0.21479949769134937,-7.05264015136547
ENSG00000276819,TRBV15,2.8154987509304554,-1.642592270468467,1.7618921792075102e-12,2.3869566349546812e-11,0.23292117225134468,-7.052138088571655
ENSG00000203782,LORICRIN,5.202679799080811,-1.7958720920406066,1.7831328167715141e-12,2.4147270717711827e-11,0.2547166158306684,-7.050470917195579
ENSG00000183114,FAM43B,0.5713640229903376,-1.7773986013576306,1.901827853274032e-12,2.5733218141138814e-11,0.25241765128550836,-7.041498850439837
ENSG00000267327,NA,0.4024844002700942,1.9615939041312846,1.9508522219426205e-12,2.6363656450082905e-11,0.27871656080255974,7.03795245780483
ENSG00000175785,PRIMA1,1.731134229425396,-1.5286412294948533,1.962048654426945e-12,2.6503952919933417e-11,0.21722432949731202,-7.0371547838694974
ENSG00000282943,NA,0.5752318526839552,1.9087898605300058,2.0354515295664755e-12,2.747268354926901e-11,0.2714420949494219,7.032033336191547
ENSG00000211779,TRAV5,2.8096372735470347,-1.7079442323848903,2.0939434217293168e-12,2.8227016834650317e-11,0.24301717570565892,-7.028080329818099
ENSG00000131620,ANO1,4.352275867556505,-1.7628977773446441,2.104038851994243e-12,2.8351356991577766e-11,0.2508602769548341,-7.027409037191023
ENSG00000257897,NA,0.6349659473221257,2.6409982138755432,2.2283029765306373e-12,2.996372022347605e-11,0.3762429737011429,7.01939543985568
ENSG00000258332,NA,0.49873488047909237,2.3171510295207276,2.325788531551674e-12,3.123585852779226e-11,0.33038865263032047,7.013409846473879
ENSG00000237921,NA,0.36685149473834827,1.8471509612317762,2.3477370432893327e-12,3.151761887912316e-11,0.26342350598095843,7.0120961846331875
ENSG00000225156,NA,1.0906363349252797,1.609080271289744,2.3710402382319507e-12,3.1817325441092776e-11,0.22951729917757363,7.0107145607565995
ENSG00000255858,NA,1.650796414210563,1.517991400521723,2.4778057723721695e-12,3.3222615896010686e-11,0.21671504349799925,7.004550196515257
ENSG00000227134,OTX2P2,0.7231888782023986,2.849147527477971,2.533176733739586e-12,3.3930103194644575e-11,0.4069364867202733,7.001455068432988
ENSG00000231867,NA,0.4870654514092422,1.6686997745532524,2.747646927656129e-12,3.674977765740072e-11,0.2387246010643318,6.990062051055933
ENSG00000278636,NA,0.39070685146947787,1.6670569550369232,2.7997980129027133e-12,3.7431907013439975e-11,0.2385796301035777,6.987423671975608
ENSG00000253452,LOC124902062,0.906007956618007,1.691959520173581,2.803107568658968e-12,3.746075718707433e-11,0.24214928833115404,6.9872578682111275
ENSG00000187268,FAM9C,1.6055937122222301,-1.6339736980145105,2.8593071543880916e-12,3.814911530678254e-11,0.2339437920611191,-6.984471285254819
ENSG00000100665,SERPINA4,0.4009990847203594,-1.7242315240195192,2.9431310846307597e-12,3.925140136157005e-11,0.24700995045223256,-6.980413221664751
ENSG00000254841,OR4V1P,0.671455094400552,2.7332065148461613,3.0611813705866886e-12,4.077563784702859e-11,0.39186394879398273,6.974886368746078
ENSG00000204424,LY6G6F,9.904159892237843,-1.8125219495409104,3.1142114290424914e-12,4.141417390183735e-11,0.2599540197602161,-6.972471328632643
ENSG00000278594,NA,0.987210819576391,1.68340704344174,3.1139956243647234e-12,4.141417390183735e-11,0.241435871309595,6.972481074624966
ENSG00000231019,LINC00373,1.1957728968231425,1.6230413544084623,3.190232641017298e-12,4.2390476857439e-11,0.23289181105500525,6.96907867672997
ENSG00000229515,FLT1P1,3.9291406857191147,-1.5988681188798415,3.237534862290025e-12,4.300144303820741e-11,0.22949137425747035,-6.9670074705554885
ENSG00000170477,KRT4,2.4312558740841514,-1.9172741724040028,3.262055002207679e-12,4.33094388211475e-11,0.2752353118878211,-6.965945464095955
ENSG00000013293,SLC7A14,1.6518408619753615,-1.598035875189766,3.2992044043387352e-12,4.376693346832397e-11,0.2294594011351124,-6.964351285170468
ENSG00000261831,NA,0.5637515317085472,1.6315697841832573,3.572292442698734e-12,4.7274014880433045e-11,0.23465203236313836,6.953145761202286
ENSG00000255477,NA,0.984206866669242,-1.9298320143259982,3.7618585172885355e-12,4.976239684845932e-11,0.2778395383026654,-6.945850925737321
ENSG00000230817,LINC01362,0.6508057084725191,1.5730882817370662,3.880118043212685e-12,5.129115646123436e-11,0.22662143649389588,6.941480497496705
ENSG00000234948,LINC01524,0.7469773986570668,1.6659188489850458,4.022867602498611e-12,5.310707685636153e-11,0.2401713677170841,6.936375742122003
ENSG00000255372,NA,0.37770104095936885,1.6020071952117452,4.092630744508132e-12,5.400612286302658e-11,0.23103833897871684,6.933945259013144
ENSG00000228598,MACC1-AS1,0.3452320673884663,1.500920080774851,4.38008713900894e-12,5.772912255173533e-11,0.21675997946654257,6.9243413127676625
ENSG00000171564,FGB,4.5568115761092844,-2.1182789620984286,4.507516232297408e-12,5.936052145917818e-11,0.3060972883689328,-6.920280063197784
ENSG00000224968,NA,0.9439564320327856,1.8417398403996088,4.555586280705535e-12,5.992078873384135e-11,0.2661944132157676,6.918777213054283
ENSG00000101076,HNF4A,2.8818952982640984,-1.5607994000935785,4.640307425771118e-12,6.101047693835204e-11,0.22567408131225128,-6.916165963844102
ENSG00000242736,NA,0.5114892768479513,-1.6190180761324975,5.2915089931928155e-12,6.934818877138433e-11,0.23472438191612888,-6.897528339050013
ENSG00000236532,LINC01695,1.7549622071594742,1.5701435620507247,5.29988527691452e-12,6.942999125552779e-11,0.2276459992860978,6.897303563316399
ENSG00000248685,NA,0.7205272942342669,1.9545853291085036,5.437664480759665e-12,7.120626015706537e-11,0.2835339463858534,6.893655430057618
ENSG00000245832,MIR4300HG,0.5989599151366701,1.5898241834655589,5.44827077831335e-12,7.131643938711335e-11,0.23063062838453993,6.89337836262918
ENSG00000225548,LINC01980,1.3003933698604229,1.9229248519610156,6.039491884418917e-12,7.88966232997504e-11,0.2795471099396326,6.878714834062372
ENSG00000171481,OR1L3,0.6452297222702319,1.5768310728024069,6.246394260849191e-12,8.146860966996891e-11,0.22939348801012402,6.873913843329394
ENSG00000264024,MIR4507,0.6695965196311177,2.089395313941913,6.278795344923795e-12,8.185837874937123e-11,0.3039926910094704,6.8731761510569385
ENSG00000268747,COX16P1,1.0605760312652082,1.7497251882396605,6.3139466997106805e-12,8.228367718276805e-11,0.2546025067963813,6.872380049419567
ENSG00000227063,NA,13.162919370404865,1.5357182362166322,6.335981890229044e-12,8.253777289762529e-11,0.2234785121901728,6.871883212242736
ENSG00000224852,MTND5P24,0.4448992893437813,-1.8245344511374466,6.462299010233893e-12,8.411591124645381e-11,0.2656160372560188,-6.869067357475996
ENSG00000259094,NA,0.7783492504526882,-1.812725106281093,6.5881519608076804e-12,8.571976279246089e-11,0.26400261399347474,-6.866314991585263
ENSG00000227972,THAP12P3,3.5860172600047573,1.5295415407807171,6.695520444299819e-12,8.708192283573952e-11,0.222835068901616,6.86400730513394
ENSG00000252297,RNU6-875P,0.41904016892637136,1.5667766304757067,6.87466893578635e-12,8.934048387665138e-11,0.2283852246505416,6.860236396085053
ENSG00000178403,NEUROG2,1.3293230215307308,1.786426685751767,6.96084288555567e-12,9.042424016827271e-11,0.2604706520899944,6.858456687606188
ENSG00000214237,MINDY4B,2.2929253333442063,-1.757871962900646,7.508256825439914e-12,9.737981579661464e-11,0.2567123997687156,-6.847631686215377
ENSG00000253213,NA,0.6405225220131141,1.552981397531721,7.512549115662899e-12,9.739665110971813e-11,0.22679373206055692,6.84754990105747
ENSG00000279414,NA,1.72594797043628,1.5944117501221688,7.614800290895278e-12,9.868295771404049e-11,0.23290993480040456,6.845615029210851
ENSG00000262768,NA,0.5278823598478684,1.5007855844139577,7.84032291075951e-12,1.0144392348495836e-10,0.21936704276839303,6.841436003668436
ENSG00000226194,LINC02519,1.017815573127521,1.5641359884544155,8.010588720461864e-12,1.0352341275295333e-10,0.2287297532190866,6.838358221618081
ENSG00000248955,NA,1.2481107175291861,3.625483094998724,8.052404319910091e-12,1.040224812224128e-10,0.5302264902878775,6.837612155194904
ENSG00000236360,NA,0.3832940164282007,1.9451187535679688,8.85523102679638e-12,1.1412161443725539e-10,0.28504169080799674,6.8239798467873785
ENSG00000243733,NA,0.4619553242958662,1.6635070357963633,9.067877583187397e-12,1.1676956533092625e-10,0.24389553471332712,6.820571921300799
ENSG00000229536,LINC02572,1.348134307790085,1.52535858537079,9.08658622895578e-12,1.1696417762385184e-10,0.2236505705981434,6.820275849470391
ENSG00000089225,TBX5,0.9693947880384145,-1.869995836156551,9.364960750727854e-12,1.2035695112590898e-10,0.27435627846390725,-6.815939648352377
ENSG00000233589,DEPDC1-AS2,0.6087959346336369,1.5390718630781584,9.78011021193881e-12,1.255435773377844e-10,0.22601163123276405,6.8097020258798295
ENSG00000267709,LOC101928844,1.3358611003304912,1.61534056766494,9.843000378449415e-12,1.2625122882894423e-10,0.2372437670307466,6.808779795911743
ENSG00000229205,LINC00200,2.9328418002831804,-1.8472990194579058,1.0000318179078795e-11,1.2818911614340774e-10,0.27140227523300087,-6.806497911161525
ENSG00000263574,NA,0.9397799636991547,-1.7919412886834372,1.0116723066661364e-11,1.2960880973310785e-10,0.2633336562731756,-6.804831991640761
ENSG00000233541,NA,0.635010983476706,1.6983925996909623,1.0417040580990322e-11,1.3340373858994221e-10,0.24974087485810348,6.80061924447068
ENSG00000235292,NA,0.3961686401355719,1.9392689531234475,1.0426815983507723e-11,1.3347637556534403e-10,0.28516630830653666,6.800484126753325
ENSG00000172016,REG3A,0.6086454395144656,-2.1706924713185036,1.0861724688843166e-11,1.3896499892452057e-10,0.31947341691976555,-6.794594968956883
ENSG00000184856,LINC00308,0.9171503692244682,3.190912787790276,1.0864116830578449e-11,1.3896499892452057e-10,0.4696273600790214,6.794563219769309
ENSG00000275291,RNVU1-26,3.709062239201346,1.746772582387473,1.1041401715177677e-11,1.4117716784249193e-10,0.2571722119423266,6.792229102805259
ENSG00000236069,NA,0.5918588600459405,1.5637309818869902,1.1123366898902594e-11,1.421693039243629e-10,0.2302596968608501,6.791162340633063
ENSG00000251291,NA,0.9373912924975967,3.2161681534054503,1.142992130471532e-11,1.4603003935576587e-10,0.47385510010291676,6.787239712534337
ENSG00000251574,LOC105379109,0.4608224812583588,1.6982720279960735,1.2636536246495136e-11,1.6094019225763264e-10,0.25075107931056956,6.772740650470606
ENSG00000204345,CD300LD,4.618737422146136,-1.6486351872568867,1.278858546461715e-11,1.6268561126048757e-10,0.24348435872883553,-6.771010654910052
ENSG00000253671,NA,2.6525513708817132,1.5479520536118485,1.3178593142837125e-11,1.6758142210719546e-10,0.2287614881309979,6.766663682155406
ENSG00000279143,NA,0.6730070801536863,-1.640109304182797,1.363603712371514e-11,1.7312764073388214e-10,0.24255790148885326,-6.7617228468567045
ENSG00000232433,NA,0.7749904256646787,1.70623496014092,1.4487564952841163e-11,1.8372378666121534e-10,0.2526653792899526,6.752943220538682
ENSG00000202395,RN7SKP1,0.8646358681147858,-1.7297433446434154,1.4521748753659974e-11,1.8408551966447844e-10,0.25615955074616686,-6.752601414254702
ENSG00000232650,LINC01780,0.6824503364550025,1.524801297332066,1.5268167899237858e-11,1.9302097373743065e-10,0.22605294963364836,6.745328029575495
ENSG00000239926,NA,0.6247587002182372,1.5055829986072145,1.5712692667182508e-11,1.985635070233538e-10,0.22334182416427312,6.741160121893797
ENSG00000223949,ROR1-AS1,2.169922138117895,1.7785578998053315,1.6037854911331624e-11,2.0235816313258148e-10,0.2639521176907652,6.738183862154167
ENSG00000269761,NA,1.5884766805435135,1.734383634643893,1.8556453871751394e-11,2.3305186545958664e-10,0.25820990364270197,6.71695241032988
ENSG00000241383,NA,0.7966930369939325,2.978797553065469,1.8727420716018818e-11,2.351082752028792e-10,0.44356286006461404,6.71561535298863
ENSG00000255086,LOC100533706,0.7594662640682276,2.1813355224922266,1.9215183772439655e-11,2.4104569909368186e-10,0.3249969085161632,6.7118654526639645
ENSG00000239642,MEIKIN,2.605183913464853,-1.7783882866501635,1.989357328492761e-11,2.4917141001622076e-10,0.26516188410932817,-6.7068021206129345
ENSG00000237222,LINC01968,1.0865685564211756,1.5470427146546815,1.9947732192576648e-11,2.497535922864254e-10,0.23068136601968794,6.706405208830982
ENSG00000266200,PNLIPRP2,0.5095158273217489,-1.9549874738463273,2.019664729510604e-11,2.52578447987393e-10,0.2915892206943933,-6.704594460627529
ENSG00000135472,FAIM2,2.9968607642633662,-1.5646180872416389,2.034736990765127e-11,2.543655835342354e-10,0.23340286080444653,-6.703508611029979
ENSG00000197177,ADGRA1,0.6462689512033951,-1.7499189197204998,2.0946714953886015e-11,2.6175748905878e-10,0.2612104942577293,-6.699267288985344
ENSG00000226307,HNRNPDLP1,1.1032157739526913,3.4428101435156857,2.165192301277339e-11,2.702585386644255e-10,0.5142800801212939,6.694426396417478
ENSG00000109851,DBX1,1.076682973061132,1.9429264769873524,2.2198955031319248e-11,2.7655595911863365e-10,0.2903887895642467,6.690776458357364
ENSG00000275248,NA,0.5705499056810535,-1.8183032102053696,2.2589986884442783e-11,2.812120525744948e-10,0.27186649764262844,-6.688220968644505
ENSG00000255547,NA,0.9288907464660154,1.6046393199043727,2.4234768427877276e-11,3.0053699863591005e-10,0.24029007945061578,6.677925795243481
ENSG00000241956,LOC102546299,1.3930633361603517,1.7744979498733997,2.4333323531325696e-11,3.016441874340557e-10,0.2657495928655754,6.677330831400359
ENSG00000277883,NA,0.5867433936872328,1.5175534141643356,2.4524608788951236e-11,3.038996094045736e-10,0.22730854836225745,6.676182770503812
ENSG00000222764,RN7SKP106,0.6782467115222912,1.5011302399867772,2.5605223443646335e-11,3.170486136943007e-10,0.2250618218509713,6.6698573202734375
ENSG00000261886,LINC01974,0.8333635993001072,1.5001380959150215,2.643487771457559e-11,3.2707253796109345e-10,0.22507104784488655,6.665175775734958
ENSG00000142484,TM4SF5,0.5277497220232422,-1.7631857172539038,2.6919062683812112e-11,3.3268361359386033e-10,0.26464287608955434,-6.662509655681218
ENSG00000280281,NA,0.9649005364463327,1.6301764632483529,2.8109823495154636e-11,3.466096810653488e-10,0.2449129128550415,6.656147461743751
ENSG00000230097,NA,1.2442310056412484,1.6213741581669765,2.952843556980793e-11,3.632757005350652e-10,0.2438558688230152,6.6489035756762185
ENSG00000243188,HNRNPA1P17,0.6177956104904891,1.6013826704096874,3.266929902423317e-11,4.0055294333217363e-10,0.24138993596781314,6.634007602633505
ENSG00000231756,NA,0.4535404789174954,1.8234922365231336,3.275935006018545e-11,4.0150570412875376e-10,0.274887213829664,6.633601509210518
ENSG00000280276,NA,1.768960413917593,-1.7637839412557064,3.332532337922377e-11,4.0813483391543324e-10,0.2659876751333498,-6.631073941194658
ENSG00000226690,C7orf78,1.037426632719707,1.6495346909007493,3.3729704840411224e-11,4.1293181748170734e-10,0.2488251063427023,6.629293623726519
ENSG00000236785,SDR42E1P5,1.818867606897092,-1.691954606165969,3.37539278010818e-11,4.130728982368656e-10,0.2552280455576375,-6.6291876445995
ENSG00000206702,NA,0.7544804806526504,1.6272747292098464,3.4059902418990346e-11,4.165039495807962e-10,0.2455205565299115,6.627855329953186
ENSG00000181009,OR52N5,2.5439309648746664,-1.6000629715742165,3.669221712892192e-11,4.473479905433179e-10,0.24181625237669194,-6.616854557326034
ENSG00000267716,NA,1.252584785860474,3.630880387769089,3.841857636752102e-11,4.676944057195822e-10,0.5492968192686188,6.6100517250465
ENSG00000236733,NA,0.3966436408614347,1.5121835273020297,3.933229987116306e-11,4.78102036699997e-10,0.22889082229252503,6.60657125592149
ENSG00000228695,LOC107987423,3.489689523545128,-1.6548960443835385,4.0334857825599926e-11,4.897589677595871e-10,0.25063388946766374,-6.602842288800094
ENSG00000281920,NA,1.0655224249527349,1.6169106458376767,4.132900200043377e-11,5.014359481798246e-10,0.24501493090767165,6.599233115499287
ENSG00000179253,CDH4-AS2,2.035487807802371,-1.5788460058426719,4.1419991781946543e-11,5.02352532693198e-10,0.23925871311439428,-6.598907037871572
ENSG00000228824,MIR4500HG,1.4094253678951465,1.5443059859357315,4.15588131815805e-11,5.038483321544728e-10,0.23404210656850935,6.598410895279131
ENSG00000254675,LOC124902723,0.47945390864486975,1.8170074819947772,4.2014788926888146e-11,5.091866818978456e-10,0.2754380188941345,6.596792589817276
ENSG00000224786,NA,5.120108791316487,1.5433513550323623,4.247272969718413e-11,5.145448609273763e-10,0.2340118538967259,6.595184514513842
ENSG00000225530,NA,1.809373440824164,1.6837379247192652,4.329179029886383e-11,5.238822004618463e-10,0.25540783971960745,6.592350205724738
ENSG00000275216,NA,1.7379637713756577,-1.5230950324982613,4.360858370017203e-11,5.27519527928299e-10,0.23107769705117773,-6.591268010434322
ENSG00000156395,SORCS3,1.6383943370711098,-1.5330058944448528,4.44272801494002e-11,5.366247934272892e-10,0.2326788163660758,-6.5885065017391184
ENSG00000263432,RN7SL689P,0.8160520691496806,1.5203139998048085,4.535190731770701e-11,5.473865830168362e-10,0.23085965406705156,6.585446928562251
ENSG00000230804,NA,1.3020448232905724,1.5213346388919111,4.739319425960374e-11,5.716002309515723e-10,0.23124442606642556,6.578902958962149
ENSG00000250954,LOC101928622,0.692945711931011,1.965780836063755,4.7715783765133904e-11,5.752776183514736e-10,0.29884653112308046,6.577894107307355
ENSG00000249493,ANKRD20A18P,0.8237737127363556,1.8725223179673605,4.947716183104486e-11,5.951897633284863e-10,0.2849025674359163,6.572500679161309
ENSG00000238825,RNVU1-2,1.28356465820556,1.5030070476556776,5.250215031329801e-11,6.306462132167495e-10,0.228989100347027,6.563661961979456
ENSG00000165370,GPR101,0.7712617097472627,1.7070007193822847,5.423342830237147e-11,6.50001826020464e-10,0.26026014395245584,6.558824925933026
ENSG00000248165,NA,0.6083960381318702,1.7120240645535159,5.427440256043526e-11,6.50253320989259e-10,0.2610305178489309,6.558712286447421
ENSG00000189127,ANKRD34B,50.708051692787215,-1.504752464195249,5.61164230696755e-11,6.710864005920606e-10,0.2296023596416765,-6.553732577241825
ENSG00000261437,NA,0.9464679984628688,1.5900156458211305,6.151639916695999e-11,7.331184447019899e-10,0.24312143839262196,6.540005917756132
ENSG00000251058,NA,0.5698571374607666,2.5017138232627794,6.641067721987498e-11,7.883965359883553e-10,0.3831960986172867,6.528547217181721
ENSG00000254366,NA,0.6960404774969229,1.7887388316003896,7.330115517528719e-11,8.670327183788152e-10,0.2746100041615506,6.513742414672156
ENSG00000281179,NA,1.0297887857522814,1.7422067471960503,7.657774178035727e-11,9.038174109693255e-10,0.267736312423076,6.5071739108852045
ENSG00000230104,NA,1.4641495806010494,1.5177250261661375,7.697577689894353e-11,9.081857348454244e-10,0.23326666744629115,6.506394774622432
ENSG00000137392,CLPS,3.9448149625840006,-2.2962205730054297,7.852182017887038e-11,9.254194807167739e-10,0.35307972355275374,-6.503405377970822
ENSG00000280776,NA,0.7779550516791006,1.8307333056548762,7.887141354570871e-11,9.292029481400988e-10,0.2815327137979971,6.502737394022522
ENSG00000237547,IGHJ2P,2.1078657359421795,2.1152502719723416,7.940048099091397e-11,9.350973373180484e-10,0.3253364307702388,6.501731967011672
ENSG00000231969,MMADHC-DT,2.3577090824019393,1.5031975229373455,8.45674279061327e-11,9.90925538519699e-10,0.2315374530101378,6.492243494064558
ENSG00000211682,NA,2.354221864878539,-1.8176286660462984,8.522535954312005e-11,9.982752953614004e-10,0.28001961639009104,-6.491076194869819
ENSG00000242390,NA,0.5356913925279357,1.5158059672167046,8.7410899365970275e-11,1.0227704081209645e-9,0.23365885700010405,6.487260901118033
ENSG00000183036,PCP4,6.36974352985599,-2.142472543387909,8.796285407720502e-11,1.0288585823169093e-9,0.33030673013144407,-6.486312109157818
ENSG00000278095,NA,1.395862754915775,1.5949397098402405,9.277053435288875e-11,1.0835331926142783e-9,0.2461978012492082,6.478285759448349
ENSG00000279718,NA,0.5161203731276693,1.5588591422346785,9.332516468664948e-11,1.089501445293406e-9,0.24066176012302365,6.47738611002349
ENSG00000166426,CRABP1,2.87641285577329,-2.3242953030111537,9.710638432069036e-11,1.1297126141571588e-9,0.35916485201422954,-6.471388528070862
ENSG00000166569,CPLX4,2.681917103985561,1.5835580690113011,1.0183066418975379e-10,1.1812938105436204e-9,0.24497325070788545,6.464208089803202
ENSG00000091704,CPA1,5.019037379662374,-2.0610796240250795,1.0252954106068134e-10,1.188916600289042e-9,0.3188959087937692,-6.463173616184537
ENSG00000242019,KIR3DL3,1.1622040487196847,-1.665619516643119,1.112184816106062e-10,1.2833326604575374e-9,0.25820122672646256,-6.450858261830298
ENSG00000162365,CYP4A22,0.7337127388888313,-2.0417781428298785,1.1764385709890564e-10,1.3545909322878593e-9,0.31693104178929793,-6.442341940702966
ENSG00000244586,WNT5A-AS1,3.223868997292249,1.5223711211849327,1.230368436875961e-10,1.4141846118268998e-9,0.2365569360035541,6.435537874746823
ENSG00000262332,NA,1.2189628939668742,-1.5730115652129202,1.2396328073952944e-10,1.4238268347088323e-9,0.2444690948114124,-6.4343984519857935
ENSG00000270025,BMS1P7,1.0062673105008204,1.5490691483400587,1.2718811682132554e-10,1.4603512403685414e-9,0.2408941886300082,6.430496132554238
ENSG00000113578,FGF1,2.6054711408203506,-1.5720021542523699,1.3202627441729645e-10,1.5142985381684835e-9,0.2446764782061798,-6.424819278818056
ENSG00000268916,CSAG3,1.0199298042500464,2.215241450475329,1.4675279286024216e-10,1.677882195486101e-9,0.34566087178064564,6.408713370025602
ENSG00000253687,NA,1.7734228885270096,1.7020435768651354,1.6004818989640497e-10,1.82412316781719e-9,0.2661324395704902,6.395475799989114
ENSG00000235366,NA,12.406411025764948,1.5826167278303456,1.6148533123881997e-10,1.8385701275940972e-9,0.24751165843208747,6.3941098284248525
ENSG00000236897,NA,0.7049391999696417,-2.046594747584951,1.7461637759385636e-10,1.981137610873024e-9,0.32067470504384044,-6.382152116753813
ENSG00000249534,LINC01258,1.0539594468379374,1.781090471523434,1.7875727750734198e-10,2.025293181037555e-9,0.279230676889663,6.378563026680716
ENSG00000122304,PRM2,1.0785804513068613,-1.9936121692838733,1.8301627190738893e-10,2.072103478107744e-9,0.31272566818526937,-6.374955342977441
ENSG00000205716,NA,3.926241093927918,-1.7431556131139256,1.8696323387709157e-10,2.115318285757925e-9,0.27357845820675986,-6.371684468652561
ENSG00000180745,CLRN3,0.5999381605071742,-1.7154456468038006,1.8861856503989806e-10,2.133304827405356e-9,0.2692866639982919,-6.370332720281618
ENSG00000006606,CCL26,0.6040016674633768,-1.7120737917689024,1.949230863743667e-10,2.2015479699949306e-9,0.2689703396528824,-6.365288432837636
ENSG00000176318,FOXN3P1,0.75601345726908,1.5536469631789183,2.0424049723720222e-10,2.301189779747736e-9,0.2443564199765903,6.358118044648714
ENSG00000224513,NA,0.3482446139044309,-1.7596955969262262,2.2645476984075641e-10,2.542671989430488e-9,0.2774566780058638,-6.342235514291843
ENSG00000213934,HBG1,23.81401138490881,-2.07110583215934,2.364965993592683e-10,2.653591370803132e-9,0.3269023112306362,-6.3355496764846455
ENSG00000271075,NA,0.753912706518851,1.521798828814959,2.529163518499195e-10,2.8329418364236162e-9,0.24059326589951058,6.325192948046078
ENSG00000109181,UGT2B10,0.6674893946942162,-2.3573932478111073,2.588457656905013e-10,2.8963656919094e-9,0.3729100431154509,-6.321613727848224
ENSG00000271642,MARK3P1,0.6675585850913083,1.5332329533215314,2.6416662253046804e-10,2.9518419435489745e-9,0.2426589195997188,6.318469380192972
ENSG00000249852,NA,0.5120062458076031,-1.6739842575840058,2.831907555215086e-10,3.1546674300012442e-9,0.2653869246555185,-6.3077118805189665
ENSG00000249631,LOC107986178,1.3368462555894742,1.5135713877068928,2.923376241565591e-10,3.253218692632417e-9,0.24014313331978912,6.302788536082478
ENSG00000250799,PRODH2,0.4796538768161973,-1.6315531314015321,2.9410547794563404e-10,3.271772567241992e-9,0.25890048234251695,-6.3018543520635095
ENSG00000122133,PAEP,2.7840745768333557,1.6453231786110318,3.018852701172049e-10,3.3548766882037718e-9,0.2612533336332536,6.2978074029888935
ENSG00000230077,MTAPP2,0.4581069781461189,1.7643581018846326,3.0230846425051217e-10,3.357285669218389e-9,0.2801640068070289,6.2975901936606915
ENSG00000204091,TDRG1,1.0472459274330295,-1.6501400914401687,3.1672205421452105e-10,3.513756814287156e-9,0.26232822839007336,-6.290364180657162
ENSG00000261434,NA,0.5933269166082831,-2.8582688213035317,3.235658988939822e-10,3.587236386920059e-9,0.4546283483531705,-6.287044861274539
ENSG00000249175,NA,0.6642569554311681,-1.5028772540189217,3.248505959289302e-10,3.6002521922917348e-9,0.23906690952083098,-6.286429422755261
ENSG00000228058,LINC01736,3.0882386511592483,-1.5663797625062106,3.3426484389468737e-10,3.6995463906792753e-9,0.24934448916780108,-6.281990701836148
ENSG00000235304,LINC01281,0.9632149396521171,-1.6114260830077918,3.5273441094726266e-10,3.896008461559443e-9,0.25685719725898803,-6.2736263581627325
ENSG00000232946,NA,0.770384308603465,1.5382493175766325,3.532766085808362e-10,3.900672615043258e-9,0.2452023504613612,6.273387325538825
ENSG00000248363,NA,0.4471238756192421,2.1745271281226835,3.620808182019644e-10,3.992462662533389e-9,0.34683913665455923,6.269555244246971
ENSG00000273796,NA,2.807583682243354,-1.525624823522295,3.6411915934782383e-10,4.01357777542054e-9,0.24337254019862792,-6.268681019958784
ENSG00000187135,VSTM2B,0.5667257435329381,-1.6890482909471516,3.6673627261398994e-10,4.041056055415943e-9,0.2694903274305083,-6.26756554512219
ENSG00000226320,LINC01811,2.202486926245631,1.5513460451725156,3.738844010500904e-10,4.115638510104007e-9,0.24763854801230745,6.264557992382571
ENSG00000276409,CCL14,10.501123313206646,-1.5587079995278041,3.7714348103575373e-10,4.150109320409675e-9,0.24886745958829462,-6.263205330686461
ENSG00000136352,NKX2-1,0.8365810926446792,-1.632481940558544,3.8800772602293873e-10,4.261011246480132e-9,0.2608308121640036,-6.258777201261337
ENSG00000149300,C11orf52,0.6641959868222599,-1.777905147660624,3.9128901757049054e-10,4.292697862911607e-9,0.2841255291018949,-6.257463569994868
ENSG00000280257,NA,0.515647551232174,1.6899480540001,4.129912341376378e-10,4.5140385967839654e-9,0.27043335947763414,6.24903694301762
ENSG00000253980,NA,1.0511424921461898,-1.5335779946148909,4.1495534456000643e-10,4.533983019095697e-9,0.2454394047955109,-6.248295769347221
ENSG00000181903,OR4C6,1.7446890575090972,1.7603094271883237,4.613727175179528e-10,5.022600989097714e-9,0.2824761733053445,6.2317094096481735
ENSG00000163710,PCOLCE2,99.65471576639423,-1.5980751566280806,4.769940710606613e-10,5.187450064681107e-9,0.2566573786194304,-6.226492163304194
ENSG00000248690,HAS2-AS1,0.8979925308857034,1.9189834104531411,4.833127867947399e-10,5.254411206169552e-9,0.30829870404307047,6.224429053016882
ENSG00000273706,LHX1,1.2079994362157085,-1.5224002554089155,5.158508851860293e-10,5.596930484766898e-9,0.24498712418212262,-6.214205177073585
ENSG00000227568,NA,0.4279691155330351,1.5826656236297127,5.207486661428417e-10,5.644422729854833e-9,0.2547459681102454,6.212720991700991
ENSG00000280114,NA,1.3836794153107081,1.5361513468215688,5.298248575910156e-10,5.7351557296907015e-9,0.2473671166952541,6.210006274657932
ENSG00000200169,RNU5D-1,5.540851467754734,1.5428626482051455,5.439903459584745e-10,5.884024477481217e-9,0.2486138855367462,6.205858714907151
ENSG00000230552,NA,1.1741101479461908,1.6892638334762573,5.53642677235728e-10,5.97904681445012e-9,0.27232607403741277,6.203092522253974
ENSG00000184601,C14orf180,0.8806601974210289,-1.562688955815292,5.556279366807953e-10,5.998495029655795e-9,0.25194382002731314,-6.202529419637607
ENSG00000130700,GATA5,0.7731750033069821,-1.7571111447168135,6.076487191032538e-10,6.5297646299936036e-9,0.28393470282713734,-6.18843391533779
ENSG00000248206,NA,0.6711989507688314,1.749524937367077,6.159314273330701e-10,6.616584368655912e-9,0.2828063993241511,6.186298971834019
ENSG00000217791,ASS1P9,0.6047379621054239,1.5297830239198633,6.256094052339452e-10,6.718330384103589e-9,0.24738400822120618,6.183839589792561
ENSG00000186367,MINAR2,0.4968331852333773,1.7546113473365255,7.39677320441759e-10,7.878265841299783e-9,0.28496164587099876,6.157359675452017
ENSG00000145423,SFRP2,124.56567861439902,-1.9644088597246159,7.632456218592419e-10,8.12131291718594e-9,0.3192920627479089,-6.1523886401008925
ENSG00000130600,H19,7.407776751586235,-1.7250509830105833,8.335742799767953e-10,8.84649402254003e-9,0.2810262188480395,-6.138398723370994
ENSG00000226409,LOC102723341,0.833610822719306,1.6032410059546975,8.785192404405657e-10,9.311330678739237e-9,0.261538034121216,6.130049158401326
ENSG00000267761,MIR4527HG,1.2805482608248338,1.6261745798248723,8.833242154469527e-10,9.359208495133056e-9,0.2653167689013893,6.129181304892475
ENSG00000256155,NA,0.4649947685618461,-1.6263238187500477,9.174413889272963e-10,9.711205173780377e-9,0.26560254581317455,-6.123148457673323
ENSG00000250563,NA,0.48482238195507027,1.5353565025512304,1.046060937366988e-9,1.1011737919311776e-8,0.2516062719259056,6.10221871974388
ENSG00000241656,NA,0.5589440450378557,1.5487303402772015,1.1015950611880925e-9,1.157760392579201e-8,0.25414236524816536,6.0939479286143206
ENSG00000162951,LRRTM1,2.6949471220772954,-2.796217557603177,1.1778184740157972e-9,1.2350767028622131e-8,0.459659665391149,-6.083234549683026
ENSG00000277631,PGM5P3-AS1,0.7827102542926284,1.5977421527826596,1.2138430361501264e-9,1.2699866928237796e-8,0.26285551991227696,6.078404415155047
ENSG00000261655,NA,9.478154539613074,-1.6798952893942882,1.2743044167626571e-9,1.331103855762868e-8,0.27672624047464733,-6.0706035196116295
ENSG00000233017,LOC105372710,1.2098139448417728,-1.7178417854138042,1.27883796703347e-9,1.3354106385767162e-8,0.28300368781822627,-6.070033216376943
ENSG00000175646,PRM1,0.8875595180790876,-1.937119983491321,1.2997897529786383e-9,1.355983357437112e-8,0.31926569380482617,-6.0674229053733635
ENSG00000237560,LINC01497,0.5222965371131614,1.6689080684582942,1.3642648803006192e-9,1.419149601100689e-8,0.27541372944662457,6.059640061559568
ENSG00000275676,NA,1.0332960973932936,-1.62297633708606,1.365684158607256e-9,1.420171813017162e-8,0.26784117857633666,-6.059472802922647
ENSG00000226372,DCAF8L1,1.4098184536644296,1.6457825123450198,1.420786865113125e-9,1.4755860519923285e-8,0.2718905502357245,6.053106703848862
ENSG00000100557,CCDC198,3.677039711806251,-1.604705931388197,1.4277507829804437e-9,1.4823452750969639e-8,0.2651390055701647,-6.052319340707258
ENSG00000234593,KAZN-AS1,0.33931150723472575,1.609348493717965,1.4775497873943929e-9,1.5335590135406767e-8,0.266148980335554,6.046795639378135
ENSG00000273388,NA,1.0788417105194008,1.853387551833916,1.7662612848626716e-9,1.814685630891124e-8,0.30797592390437845,6.017962470369479
ENSG00000251410,NA,0.32125039334184613,1.6165199138482607,1.936112375260972e-9,1.9815712334640027e-8,0.269281832389566,6.003078260064963
ENSG00000175319,NF1P5,0.3362865919436202,1.6705119582002628,2.2164613575608924e-9,2.2516257038957124e-8,0.2792988062412662,5.981092367280752
ENSG00000162687,KCNT2,4.417267725628041,-1.5125400087814618,2.4169562812563677e-9,2.4453733722148407e-8,0.2534853183486842,-5.96697283548735
ENSG00000226625,RBM17P1,0.6146297925282945,-1.6503928444917193,2.602573992470365e-9,2.6250085837853033e-8,0.27714948357930946,-5.954883347345082
ENSG00000147724,FAM135B,1.3643553964752044,-1.9408809099945068,2.6158535866757914e-9,2.63758479440143e-8,0.3259765387594734,-5.954050918451571
ENSG00000225564,LINC01492,0.5674537129846362,1.6352533893810481,2.744654618722583e-9,2.7614638242439894e-8,0.27500887362411336,5.946184091558221
ENSG00000170893,TRH,2.259302987809241,-1.545888418293587,2.758928402608078e-9,2.7749667000629428e-8,0.26001706260177354,-5.945334520839413
ENSG00000205293,LINC01602,2.6759707068694114,1.6676621068853634,2.800216528560113e-9,2.8155094772084567e-8,0.28061415140948226,5.942900949609811
ENSG00000117600,PLPPR4,0.8910121067033583,-1.6104784895114699,3.0041517112943617e-9,3.011372784745239e-8,0.2715187491376911,-5.931371202269251
ENSG00000248962,NA,0.37629299667368177,1.8879806649083426,3.210449737369025e-9,3.208279848145611e-8,0.31889094588555056,5.92045866860684
ENSG00000268799,H3Y2,0.47244165184814013,-2.3542430168819393,3.2147275489908146e-9,3.2115681115962293e-8,0.39766008498006833,-5.920239686615616
ENSG00000237158,NA,0.38855752300833146,1.511942538826896,3.238532493552139e-9,3.2333635650786984e-8,0.25543771409302807,5.919026265151514
ENSG00000230251,PHB1P4,0.4469407358455115,1.5815992472257023,3.2825929868207e-9,3.274338689828388e-8,0.2673063856876274,5.9168030840608115
ENSG00000259786,NA,1.7658925737810092,1.65791195022477,3.292857524186577e-9,3.282564190828715e-8,0.2802283418451278,5.916289335006089
ENSG00000227425,NA,0.5960095337527659,1.6109501822844583,3.415542604758569e-9,3.398616391789132e-8,0.272568102534509,5.910266708777858
ENSG00000251584,NA,1.1633666091412016,-1.6790356378823599,3.468615157725985e-9,3.4493156175637675e-8,0.28421012280121283,-5.9077263727750475
ENSG00000241794,SPRR2A,6.557103641600156,1.9246348434471887,3.60222636636841e-9,3.573443709827132e-8,0.32612666572612203,5.901494865996264
ENSG00000255899,NA,0.4979430937919296,-1.519982552493459,3.640700418542072e-9,3.609408814822814e-8,0.25763542006992174,-5.899742170858878
ENSG00000171346,KRT15,12.80240321293352,-1.653185588842794,3.653206288752793e-9,3.6196007968489446e-8,0.28024006953869524,-5.899176343925807
ENSG00000227718,NA,0.4967482500935228,1.7290432214730795,3.793756506152486e-9,3.7565696082839593e-8,0.2934090845021758,5.892943718517542
ENSG00000012504,NR1H4,1.0539031118178486,-2.1724418725163734,3.875248984530627e-9,3.8349284748649904e-8,0.3688711953882302,-5.889432136954793
ENSG00000211804,TRDV1,4.638325122015065,-1.5766679717892103,3.9750081619764744e-9,3.927675136475418e-8,0.26790252411106896,-5.88522999930954
ENSG00000205678,TECRL,1.5204645719875542,-1.5723675230084486,4.051066622894719e-9,3.9979701186140604e-8,0.26731421860601867,-5.882094604649086
ENSG00000205632,LINC01310,1.5263877314562122,1.5034013707680913,4.1521460271064e-9,4.0902787998097204e-8,0.2557668361512825,5.8780152790366085
ENSG00000165583,SSX5,0.49913023994898686,2.009435216480127,4.1626594714072155e-9,4.099394104932907e-8,0.3418804270048431,5.877596544746509
ENSG00000180437,OR6K4P,1.3776289958359502,-1.5411370526287245,4.280767885899856e-9,4.21188196589687e-8,0.2624122323896094,-5.872961937005144
ENSG00000235050,NA,0.653599694439363,1.6652274537087888,4.407485764239398e-9,4.3273980361961704e-8,0.2837750053021318,5.868125883517618
ENSG00000222042,NA,0.6308895158019718,1.6915651138459358,4.606983749343848e-9,4.509658964750427e-8,0.28862457770503447,5.860779865998327
ENSG00000176679,TGIF2LY,0.8748397003248876,3.1209999239777573,4.762726413609998e-9,4.650914583665746e-8,0.5330252574330062,5.855257101714402
ENSG00000213770,NA,0.8580691265629378,-1.6215242683288111,4.775193697222326e-9,4.660291046602095e-8,0.27695531892659175,-5.854822628478218
ENSG00000248456,NA,0.3198126848084608,1.6177124443811859,4.854297224118142e-9,4.734650078144376e-8,0.27643321580146213,5.852091398245888
ENSG00000258815,NA,0.8506791309734462,1.8432304691063788,5.503897218109264e-9,5.34101338635615e-8,0.31609941287643606,5.831173339847049
ENSG00000166787,NA,0.5504806746719564,1.7223991125187517,5.959764423699976e-9,5.7593350319106604e-8,0.2960525600344445,5.817882852687906
ENSG00000229057,RPS3AP54,0.394895303884488,1.529598060071442,6.047020000738132e-9,5.841920599465695e-8,0.26302306572105316,5.815452176706221
ENSG00000204850,NA,0.5524589434464514,2.446570220735905,6.199704886002531e-9,5.987648471849475e-8,0.42100368803326516,5.811279782761884
ENSG00000254861,NA,0.5371692941969093,2.4189790006169054,6.215965150000769e-9,6.001570626275602e-8,0.4162872219178461,5.81084134524381
ENSG00000260289,NA,0.3753658173259952,1.8855422174434002,6.23071560582727e-9,6.012243168980998e-8,0.3245091130149194,5.810444581741875
ENSG00000221937,TAS2R40,4.08862420793691,-1.5162943748758129,6.559015161173681e-9,6.308446042656934e-8,0.2613470412477278,-5.801842514216701
ENSG00000125798,FOXA2,0.5637489218406291,-1.943900616567976,7.453174853962168e-9,7.122117263504154e-8,0.3362928322070806,-5.780380758668597
ENSG00000163581,SLC2A2,0.946251089814686,-2.124979719242186,8.615702310892695e-9,8.18491719534806e-8,0.36917981260369703,-5.7559477704250455
ENSG00000276542,NA,0.7376112225021378,1.5917095237167609,8.662773654417246e-9,8.224830748128552e-8,0.2765772271198677,5.755027412386772
ENSG00000232827,FGF7P6,0.4008064016562214,1.5279431793494522,8.806231196709168e-9,8.351285375118245e-8,0.26562520825078706,5.752252165415196
ENSG00000232325,NA,0.8063182990847111,-1.5464790927289849,8.815564784992632e-9,8.357700126092695e-8,0.26885595123367045,-5.752073129245688
ENSG00000264067,NA,0.7049115450715964,1.8607250417256078,8.969319299736601e-9,8.498514948494966e-8,0.3236521966039037,5.749150048262533
ENSG00000259854,NA,0.4699270156786111,1.6489520656739143,9.320573546587422e-9,8.805681566174721e-8,0.2871412670343386,5.742650935216218
ENSG00000228020,NA,0.7998045226734722,1.6062039265780987,1.0238292208573218e-8,9.630745198394149e-8,0.28047472060761874,5.726733315210827
ENSG00000163206,SMCP,0.45459435665816544,-1.950075820383076,1.0329726470868781e-8,9.713944569078338e-8,0.340611261757796,-5.725224146492691
ENSG00000231255,NA,0.799501107698411,1.5283132539825013,1.1127966959210784e-8,1.0428421470734901e-7,0.2675349358519627,5.712574505888739
ENSG00000253499,LOC100420746,0.9582466894332701,3.2468342987990697,1.1164531962044057e-8,1.0459674414209939e-7,0.5684217386683199,5.7120164095160195
ENSG00000167244,IGF2,15.874552059220617,-1.6013228184640291,1.1240493121818141e-8,1.0523461570731777e-7,0.28039946216071177,-5.710862660450562
ENSG00000259252,NA,0.4249836158657539,1.9977651290632594,1.1872498179596092e-8,1.1087815698705188e-7,0.3503900125436744,5.701547012029196
ENSG00000240268,MOXD2P,0.6191446092896988,-1.6587600862639864,1.1947501861151569e-8,1.115145883901114e-7,0.29098636285857077,-5.700473623467365
ENSG00000233542,NA,0.7332411822631025,-2.118634784186134,1.345988878085129e-8,1.2473597215485207e-7,0.3729910859099776,-5.680121762206061
ENSG00000229699,LOC101928009,0.38532134931104256,-1.751347017773431,1.452081255350521e-8,1.3429996893386907e-7,0.309035902791864,-5.667131236052418
ENSG00000226196,NA,0.8063946469000343,1.6177820991487175,1.5212340401224565e-8,1.4025708859723148e-7,0.28587009160023646,5.659151295236018
ENSG00000199791,RNU6-451P,0.3304472730933513,1.5054010232285548,1.6016383493765597e-8,1.4712819042225568e-7,0.26642829847268285,5.6503045354354695
ENSG00000157330,CFAP107,0.6240239624575823,-1.6333722429903887,1.6609271563213717e-8,1.523593867479458e-7,0.28939703182692184,-5.644053198055089
ENSG00000250375,NA,1.0323304191452365,3.3522323738367503,1.6641446865531488e-8,1.5261149806653742e-7,0.5939756524434534,5.643720176149617
ENSG00000263958,NA,0.5811072864780771,-1.6436645439277604,1.934718378276458e-8,1.7583827719635827e-7,0.2925846827195244,-5.617739550307899
ENSG00000049247,UTS2,5.3968974775653775,-1.5092197439091528,1.9932559256664568e-8,1.807544710066309e-7,0.26889919569582804,-5.612585563909027
ENSG00000283573,LOC105375070,0.7132766116038429,-1.6020622152619792,2.0250299498858915e-8,1.8353350295315765e-7,0.28558026401474523,-5.609849198750165
ENSG00000162975,KCNF1,0.6223218163908264,-1.5117904845138859,2.0392946195783535e-8,1.8472340681048366e-7,0.2695469901489477,-5.60863426328186
ENSG00000123561,SERPINA7,0.5386114768042202,-2.065552950206984,2.0420938109762832e-8,1.849254662679191e-7,0.3682965053483743,-5.608396822156004
ENSG00000237557,NA,0.5153043927359943,-1.5737129289336063,2.0639473003331155e-8,1.867525516142291e-7,0.28069166180890315,-5.606553891882264
ENSG00000227335,IGHJ1P,0.4773345830892551,2.135624529194949,2.1591938590527428e-8,1.9471654518233326e-7,0.3814475703655939,5.5987367468302
ENSG00000253490,LINC02099,1.2226669448659166,-1.716056839672727,2.2268925105807347e-8,2.003217908854263e-7,0.3068013229654847,-5.593381485730374
ENSG00000127928,GNGT1,0.6827087082473218,1.8993426635332271,2.350614631581462e-8,2.10868154263877e-7,0.3401407365319716,5.58399056490165
ENSG00000259867,NA,0.8274851283546417,1.5003065418923627,3.014258059505147e-8,2.6759766964951805e-7,0.2707838093474733,5.540606528535648
ENSG00000259997,NA,0.6953010112659622,1.6864301101567116,3.131114091029507e-8,2.777444209244827e-7,0.30474296900710574,5.533942639107742
ENSG00000169594,BNC1,0.6588367854385029,-1.620042180709803,3.16395759734272e-8,2.802756337863943e-7,0.29284328589078157,-5.532113108831909
ENSG00000145826,LECT2,0.5509199541987825,-2.1354048403347137,3.22826392880101e-8,2.8566096048976945e-7,0.38624808012327777,-5.528583701058558
ENSG00000261502,NA,0.5795584595315324,1.7910491159010695,3.231174576738743e-8,2.858407577703504e-7,0.32397091960082197,5.528425570134182
ENSG00000206356,LOC100652833,0.8501075498669194,-1.603883132686139,4.026658513391135e-8,3.5209448420319043e-7,0.2921633959829787,-5.489678565961016
ENSG00000236097,BNIP3P2,0.7596302083219667,2.906983036856486,4.0281164663999405e-8,3.521273109891354e-7,0.5295422788470889,5.4896146218683874
ENSG00000204092,NA,0.4064305772423272,-1.6517310608516438,4.17887563268917e-8,3.6491400424191496e-7,0.301239227611839,-5.4831207540472695
ENSG00000254722,NA,0.35437335799863345,1.5732662479514468,4.190823907185593e-8,3.657609875313469e-7,0.2869554044873597,5.482615846744746
ENSG00000146399,TAAR1,0.8250347420361543,-1.5345900862121393,4.253523306953867e-8,3.708351812613116e-7,0.2800352504577615,-5.4799889789003755
ENSG00000240707,LINC01168,0.8095472519891965,-1.6201086496970831,4.5032680780777925e-8,3.918734725621039e-7,0.2961869487169482,-5.469885343413103
ENSG00000258776,NA,0.5651898722727505,2.4089133316678697,4.518751331357831e-8,3.931156547376505e-7,0.4404445676160697,5.469276973277806
ENSG00000243620,LOC112268449,0.6072840514773847,2.5890237575504527,4.610916990866676e-8,4.0081215360478685e-7,0.4736859389309458,5.465696877964287
ENSG00000230029,NA,0.5462797851819653,2.4389477446591155,4.665945887804579e-8,4.0527072854074056e-7,0.4464000292301074,5.463592260209961
ENSG00000243955,GSTA1,1.7408211864937935,-1.550281262731939,5.128870325952347e-8,4.429949388278756e-7,0.284623234959526,-5.446783931580259
ENSG00000166396,SERPINB7,0.7185007935872381,-1.565889165152859,5.428356160832127e-8,4.678684928445877e-7,0.2880232366067276,-5.436676511246049
ENSG00000284343,MIR631,0.5586945153175803,-2.751765870648037,5.4843337526726355e-8,4.7231773446368936e-7,0.5063188810028082,-5.43484743290222
ENSG00000213083,VPS26CP1,0.6880647105305733,-1.6848381440198053,6.058933049554456e-8,5.194648767419805e-7,0.31102484952755666,-5.417053160154425
ENSG00000261742,LINC00922,1.7436706867322906,1.639386988807301,6.371918695503165e-8,5.44862700650176e-7,0.3031389992224446,5.4080372139920945
ENSG00000186297,GABRA5,5.227750441603674,-2.0548342918771505,6.784972522606105e-8,5.784799064703342e-7,0.38075232595965186,-5.396774101637137
ENSG00000261543,LOC124903523,0.5310093078930948,1.539635081323889,7.471374555976328e-8,6.330525437791039e-7,0.28620678404187916,5.379449989202919
ENSG00000266885,NA,0.49894432874303773,1.5630794490893647,7.880297395973365e-8,6.661390688571248e-7,0.29108447945372945,5.369848134887695
ENSG00000255238,RFPL4AP1,0.4533476568498882,1.6447054470089704,7.979337963130325e-8,6.739857316663289e-7,0.3064138364723562,5.367595229849717
ENSG00000169605,GKN1,1.4834704890847767,-1.8503778609657011,8.305032366221085e-8,6.991358509535183e-7,0.34519573218872596,-5.360372937502192
ENSG00000248191,PES1P1,0.41568727046314435,1.5973806559243082,8.427685017970851e-8,7.085441671350629e-7,0.2981453797050469,5.357723998623039
ENSG00000141433,ADCYAP1,3.0261025401133663,-1.73361629658218,8.664176629558733e-8,7.272989352420296e-7,0.3238757547922036,-5.352720204988657
ENSG00000168333,PPDPFL,0.7745470488790476,-1.645014238647973,8.717976927517072e-8,7.316262990151583e-7,0.30738734782969945,-5.3516003513565344
ENSG00000275896,PRSS2,13.86352843525562,-1.7569143443787538,1.0021530788642757e-7,8.356327954190504e-7,0.32985439130662064,-5.326333044769412
ENSG00000236922,LINC02263,0.6082145928518666,1.539044303417415,1.1468910801811128e-7,9.504731988823245e-7,0.2902891062893988,5.301763896999604
ENSG00000167633,KIR3DL1,67.82420362293917,-1.5697911002828528,1.1556174861565621e-7,9.569381369819945e-7,0.2961657520919773,-5.30038024043826
ENSG00000121388,NA,0.36900665042348113,1.8785779524501367,1.456333462460446e-7,1.1914390057070771e-6,0.3572801878915022,5.257996430019282
ENSG00000198597,ZNF536,3.5651346455254016,-1.50029015455778,1.497584555295287e-7,1.2231254394313715e-6,0.2856141679986306,-5.252856204825852
ENSG00000231918,NRXN1-DT,0.4922205581557393,1.6015821603343428,1.5558716409465984e-7,1.2687238088922274e-6,0.3053062412215282,5.24582188011101
ENSG00000271620,NA,3.238120389097031,-1.6103178974105012,1.5927263207436715e-7,1.2968260766245345e-6,0.3072243687981855,-5.241504453926677
ENSG00000154975,CA10,3.5659365480845966,-1.6025777060323685,1.8771230724541494e-7,1.5158654245478792e-6,0.30753086380112,-5.211111776633757
ENSG00000239268,LINC03051,2.1721594266732014,1.518122401356468,1.9854340968009345e-7,1.599361077284319e-6,0.29190753394195906,5.200696196002674
ENSG00000230258,NA,0.648962923427298,1.8604027868827053,2.1380169436374395e-7,1.7167468561500527e-6,0.35867203554932153,5.186918974693466
ENSG00000239589,LINC00879,0.3655394601804155,1.8005771027184292,2.2635641008450413e-7,1.8139742072502466e-6,0.34785171722470914,5.176277745828324
ENSG00000234296,NA,0.7744995214272755,1.587024856240022,2.3101818296757294e-7,1.849054984145968e-6,0.3068214034685161,5.172471145426044
ENSG00000157502,PWWP3B,0.7080059359921166,-1.5366405047491702,2.3319698012899706e-7,1.8651171304735717e-6,0.2971812963044151,-5.1707174168024554
ENSG00000260715,NA,0.37652627069429545,1.5148086956362685,2.3647535013894647e-7,1.8904080091717009e-6,0.2931069987250444,5.168108241104364
ENSG00000175535,PNLIP,1.9152359577531348,-1.8092087029528507,2.4032236723206763e-7,1.919746061229051e-6,0.35027627005773376,-5.165090694424292
ENSG00000263813,MIR3679,0.36739554174964006,1.8757367964683582,2.5600332566757325e-7,2.039999063526414e-6,0.3639906734168353,5.153255106402959
ENSG00000231772,NA,0.34472042938158787,1.729782179363968,2.5772371043960027e-7,2.052702461601204e-6,0.33574967858870475,5.151999509381396
ENSG00000237057,NA,0.6210674712583919,1.6509552225665969,2.782237298889024e-7,2.2094876674380414e-6,0.32134562986226,5.137630853340854
ENSG00000278630,NA,0.31910670913073974,1.672324581802952,2.85545459679136e-7,2.263763761258332e-6,0.32581480739573326,5.132745792525488
ENSG00000156096,UGT2B4,1.1148548100465003,-1.7087618321617104,2.9286419334098837e-7,2.317831260582888e-6,0.333223045691504,-5.127982155663004
ENSG00000248498,NA,0.8506195913138324,1.5729633547402155,3.1102241400816096e-7,2.4543758085534836e-6,0.3074210033394695,5.1166424468508795
ENSG00000137869,CYP19A1,29.126839777671314,-1.5102362465739188,3.247362824449834e-7,2.5568337734340678e-6,0.2956323668235411,-5.108494251833251
ENSG00000253706,NA,1.952754592686183,1.5422909645755576,3.2552229654183817e-7,2.561342346858469e-6,0.3019341589849467,5.108037360729531
ENSG00000249803,CTB-1I21.1,0.5696666536676206,1.982108608779893,3.9460803289221365e-7,3.072973448388299e-6,0.39082968294038667,5.071540610394795
ENSG00000258743,NA,0.6164658280127283,1.5619042064759172,3.988324461798082e-7,3.103641581181053e-6,0.30809741411631514,5.069514169587467
ENSG00000232949,NA,1.649235059322826,1.513589441692697,4.119565100761162e-7,3.1965938358196346e-6,0.2989305481866584,5.0633481618866885
ENSG00000142538,PTH2,0.43213509451961896,-1.517781873702676,4.1544876932206396e-7,3.2213867862951363e-6,0.29985381930900845,-5.061739340857139
ENSG00000122585,NPY,1.8300002852011827,-1.6248857691914786,4.4044528778095724e-7,3.4006181630522137e-6,0.32172190901277126,-5.050590972114915
ENSG00000171360,KRT38,0.5045269565043912,-1.6470380751473872,4.547111954429522e-7,3.503279432820547e-6,0.3265018137529426,-5.044499006653813
ENSG00000187569,DPPA3,0.5332332372958833,-1.5146267424283555,4.776712963398336e-7,3.670609952124287e-6,0.3008153584000772,-5.035071182814868
ENSG00000249196,TMEM132D-AS1,8.637561279490429,1.5432338730010895,5.205763362288723e-7,3.990880760040716e-6,0.30750472672197465,5.0185695987573515
ENSG00000250993,NA,0.9410739861333695,3.2224708884520306,5.24281384443267e-7,4.017286719061522e-6,0.6422838539537142,5.0172067515249354
ENSG00000254376,NA,0.5455705649549366,1.5529944638133295,5.280157398807642e-7,4.041246114550941e-6,0.30961786920635925,5.0158424893049824
ENSG00000253447,LOC102724551,0.3711734597906881,1.578834549873235,5.576286114393793e-7,4.260874670636629e-6,0.3154298883115942,5.005342259493176
ENSG00000240354,NA,0.784669419096952,2.9604194496144918,5.590439917209271e-7,4.269683719816463e-6,0.5915096575808295,5.00485395576141
ENSG00000253188,TRBV6-7,0.4332307706698784,-1.6192608360585423,5.652426583352018e-7,4.3134930147353116e-6,0.3236754810639004,-5.002729371826796
ENSG00000226486,NA,0.6583746668307691,2.7108376755685684,6.375446533708024e-7,4.834044868262345e-6,0.5444014694027017,4.979482657427073
ENSG00000197406,DIO3,0.4919434785770898,-1.579257104859386,6.708533469709827e-7,5.072412289695985e-6,0.3177824677959172,-4.96961684454411
ENSG00000249743,NA,2.6387284135119304,1.5507416100223155,7.015666013127591e-7,5.286207645935008e-6,0.3125909400569066,4.960929481001612
ENSG00000251825,RN7SKP19,0.46539729475040836,2.218985510624239,7.418340681122188e-7,5.567692332153727e-6,0.4482727572483692,4.950078885554029
ENSG00000280415,NA,0.5797390205330474,1.5742370758348747,7.820211326527563e-7,5.857145614305516e-6,0.31868427413452177,4.939801564134802
ENSG00000188984,AADACL3,0.3214726228530709,-1.5232502920643844,8.797848437634599e-7,6.554799699092159e-6,0.30980635909869525,-4.916781877866882
ENSG00000238207,LOC124907878,0.8557951588301735,1.5785163938165128,9.181260980521319e-7,6.8168924258022705e-6,0.32159352293127597,4.908420976357286
ENSG00000253673,NA,0.7226919310738151,1.5861881130707747,9.232547967819515e-7,6.8518439492866345e-6,0.3232284570686065,4.907328171090147
ENSG00000178473,UCN3,0.28841185541347186,-1.5481370699246466,9.306223161402179e-7,6.902827760405336e-6,0.31557483122493046,-4.905768511118017
ENSG00000129965,INS-IGF2,0.6500634761824443,-2.984710109229494,9.464731616365265e-7,7.011359371831687e-6,0.6088197427235849,-4.902452893326434
ENSG00000257075,RPEP6,0.3533555136353626,-1.5379908107889064,9.850484107689168e-7,7.273928423494058e-6,0.31422182817492644,-4.894602070524239
ENSG00000256417,NA,1.800353997148257,1.5851374189223726,9.990711672230778e-7,7.369112681957432e-6,0.3240382896634332,4.8918213355859805
ENSG00000253748,CYP4F44P,0.5601890498108053,2.47854165766199,1.1778922803454905e-6,8.61968056132241e-6,0.5100592930162408,4.859320654673517
ENSG00000258117,NA,0.7248819314452732,2.850263149900144,1.2228256755224135e-6,8.932421642351913e-6,0.5874526511487512,4.851902777741346
ENSG00000171004,HS6ST2,3.431952139623292,-1.7950843290537202,1.245094861706992e-6,9.08285392724939e-6,0.3702484939614865,-4.848323108210796
ENSG00000258932,RPS27AP4,0.5897512633997632,1.6207021254903453,1.3184887775556987e-6,9.581725414730064e-6,0.33506719904228616,4.8369465293014535
ENSG00000228914,OR1H1P,0.3695729114930325,-2.177129149792352,1.4127848777584394e-6,1.0225871496156324e-5,0.4513875697851659,-4.823192519077427
ENSG00000257829,NA,1.0644174731584084,-1.5377025952371508,1.4183350160917364e-6,1.0261477180478649e-5,0.31886595245330135,-4.8224107447230535
ENSG00000227838,NA,0.8427624811963521,1.7138861134919663,1.634935246988455e-6,1.1755343438116813e-5,0.3575069703622258,4.793993559777193
ENSG00000248869,LINC02511,0.7254428039367228,1.7120119624294992,1.6592238936498118e-6,1.1916810512837509e-5,0.3573364882823871,4.791035952299874
ENSG00000080910,CFHR2,0.7712338857889766,-1.733201505254796,1.8453746088930626e-6,1.3157901200805248e-5,0.3633805428849,-4.769659628704401
ENSG00000259459,NA,0.5529153097862151,-1.5372134194799056,1.889527311788063e-6,1.346528597612111e-5,0.32261228518190205,-4.764894240196592
ENSG00000181617,FDCSP,0.9896034386595212,-1.8044329398042815,1.8947085702582885e-6,1.3493214023786677e-5,0.3787370674859608,-4.764342058679453
ENSG00000112337,SLC17A2,0.8339756394667898,-1.698392618309894,1.908838115156976e-6,1.3578876873627538e-5,0.35659214758099095,-4.762843573060303
ENSG00000254394,LOC101927141,0.5688817123933125,2.50104522927372,1.9140982194483545e-6,1.361210906913338e-5,0.5251771831351224,4.762288442051809
ENSG00000255388,LINC02741,0.5500263906846368,2.4575954776974056,2.0568179096291875e-6,1.455704372593956e-5,0.5176326150445966,4.747760102955784
ENSG00000169006,NTSR2,0.5501265723902433,-1.6016042433311382,2.1654786886152246e-6,1.5279542469257272e-5,0.3380813275807818,-4.737334223075209
ENSG00000197067,OR2T32P,1.2695858090911707,-1.7035052466368665,2.19463786631824e-6,1.547186400424788e-5,0.3597975225241933,-4.7346219470489
ENSG00000233945,LINC02650,0.42139249941581597,2.065944298521744,2.540351845092976e-6,1.7724702877988914e-5,0.43910818218106834,4.704864045712185
ENSG00000249351,LOC112268475,0.5637689629132824,2.4822699476895,2.6592001332883413e-6,1.852612163966656e-5,0.5286456357664457,4.695527173114052
ENSG00000226482,ADIPOQ-AS1,0.5409582588308655,-1.8901458339090882,2.7999471650841353e-6,1.94649885415381e-5,0.40344847390055444,-4.684974553590672
ENSG00000231436,NA,0.7688772248804625,2.9288756349633127,3.2209874374075175e-6,2.2183417184838393e-5,0.6290269985335251,4.6562001977522645
ENSG00000265179,NA,0.5145764038442951,-1.6266429393876127,3.44924271337629e-6,2.3650288149389537e-5,0.35041274428860264,-4.642076996057818
ENSG00000250266,LINC01612,1.6731755499882104,1.735536204530104,3.5557796114576394e-6,2.4360235720617966e-5,0.37437771183818064,4.635789336947132
ENSG00000218834,NA,0.5538532207546121,2.459960061766576,3.635978166924466e-6,2.4862538956005683e-5,0.5311741608906783,4.631174185208275
ENSG00000242370,KCNAB1-AS1,0.39185788509725206,1.958761952534769,3.6860079012977627e-6,2.518875315407849e-5,0.42321007566984853,4.628344326241476
ENSG00000257636,G2E3-AS1,0.5241598109909841,1.5670348877548232,3.934530812929713e-6,2.676896429261195e-5,0.339566423562751,4.614811062040235
ENSG00000188991,SLC15A5,0.36748208440998886,1.5194751827588022,4.111204372922748e-6,2.7900950520014847e-5,0.3299133296943036,4.605679874064931
ENSG00000258184,NA,0.4488774516716663,2.163710818398518,4.121249703217323e-6,2.7963289600803733e-5,0.46984364336722617,4.605172058712686
ENSG00000225539,LINC01821,0.36792956009553296,1.8707724981715528,4.426536752891746e-6,2.9903714952868685e-5,0.40755092465548404,4.590279116046608
ENSG00000248964,LOC101929470,0.5917368684651976,-1.5067276647069756,5.225862949963804e-6,3.4861950376624814e-5,0.3307484046817464,-4.555509999078554
ENSG00000238235,TSPY11P,1.236242750635578,3.6095628403518556,5.724784654806851e-6,3.8003223520725964e-5,0.7957051606915955,4.536306937125513
ENSG00000268157,NA,0.4234153534202153,-1.5007074025491134,6.070499765493739e-6,4.0142552626952706e-5,0.33172730123916383,-4.52391888440667
ENSG00000265291,MIR4710,0.3462482246607608,1.7579117124377035,6.5544306164203125e-6,4.309733557528197e-5,0.3899825947024883,4.507667101858193
ENSG00000228837,NA,0.7101284774555852,2.813485884509243,6.660429757987731e-6,4.371478191441181e-5,0.6246276277876396,4.504261033848746
ENSG00000226258,GRM7-AS3,0.4545518583452701,1.5279260403066468,6.828596810624315e-6,4.4764328306325614e-5,0.339617436642812,4.498962289482274
ENSG00000255171,LINC01499,0.30858121968869534,1.5354976733011438,6.898760530327657e-6,4.520606013910113e-5,0.3414654104559559,4.496788331359263
ENSG00000234257,SOD2P1,0.43263509980197495,2.1146530982907286,1.0505936246638426e-5,6.681077111058743e-5,0.47989517789313935,4.406489574607914
ENSG00000256870,SLC5A8,0.9800034258311537,-1.6442621787835994,1.5576127829366915e-5,9.648834241737707e-5,0.38058283490144784,-4.320379239408898
ENSG00000274520,NA,0.43048110347297464,2.086721920328217,1.5689885698852976e-5,9.713753369095729e-5,0.48317468515202155,4.31877328107881
ENSG00000170419,VSTM2A,0.5304282152474944,-1.53987837617198,1.830598728889927e-5,1.1209660288654283e-4,0.3593975441620792,-4.284610179410502
ENSG00000253108,NA,0.3544218037118502,1.8377368912231336,1.8771013952762987e-5,1.1472821154743978e-4,0.4294751811344172,4.279029317524075
ENSG00000250244,FSTL4-AS1,0.4969039815694895,1.6132404880471902,2.0571029234107397e-5,1.2497841593706488e-4,0.37881935795928434,4.258600977357081
ENSG00000234464,LOC105373220,0.4721811628769235,2.2435917767158813,2.1405233985668964e-5,1.2973159140783306e-4,0.5279406067709252,4.249704887143453
ENSG00000258992,TSPY1,1.0144929482744511,3.325564054701361,2.2088742613742637e-5,1.3362518499903674e-4,0.7838396729141773,4.24265850481579
ENSG00000266915,MRPS5P4,0.3868062923071933,1.9423962478754913,2.2244036639641187e-5,1.3451459821793056e-4,0.45799495949341973,4.24108651768557
ENSG00000134389,CFHR5,0.5210201262388077,-1.7960537907282537,2.246677426053461e-5,1.357101640012386e-4,0.4237125179870152,-4.238849961905761
ENSG00000253898,LINC01419,3.4026181035387926,1.7434725033730973,3.8930678545373875e-5,2.2617201495337048e-4,0.423817313366402,4.1137359149502615
ENSG00000251258,RFPL4B,1.500522661835246,1.639864651339896,4.68788115474076e-5,2.6789774806993576e-4,0.4028491726549124,4.070666548804439
ENSG00000236292,NA,0.3994454493691949,1.9921317549045272,5.266791940642588e-5,2.9835981930550695e-4,0.4926798485214971,4.043461003901004
ENSG00000237674,NA,0.4670047960714633,-1.5076728319713308,5.706245625994099e-5,3.211849069429591e-4,0.3746105746914355,-4.024640343410466
ENSG00000112494,UNC93A,0.7220873097012158,-1.6646985188339667,6.801866726281865e-5,3.781424044992249e-4,0.4179391642151095,-3.983112044453344
ENSG00000238054,NA,0.6700167339022557,2.729400724080828,6.808304720916514e-5,3.784356390327621e-4,0.6852819377452513,3.9828872960831827
ENSG00000230246,SPATA31C1,1.3602897901394784,-1.5539215065717433,7.412191635633703e-5,4.0969204676957196e-4,0.3921418461847028,-3.962651580519745
ENSG00000241921,NA,0.4695752453400179,2.217970004680974,7.503012460991694e-5,4.1421926227280684e-4,0.5601296344744209,3.959744080961067
ENSG00000147381,MAGEA4,1.285446872522812,-2.1881751566861554,7.776791808657892e-5,4.280986358978235e-4,0.5538034344105862,-3.951176574076384
ENSG00000221788,MIR1252,0.3422570949772162,1.7362572420704347,9.617242752917093e-5,5.217306075164897e-4,0.4451883430365794,3.9000509991515506
ENSG00000198090,KRTAP4-6,0.37447699623805986,-1.5644554492688993,1.3890912801732468e-4,7.332742804523754e-4,0.41060717006077496,-3.810102607407807
ENSG00000271395,NA,0.3748288943343324,1.8920661433946322,1.599793581740979e-4,8.351482206206156e-4,0.5012037191582307,3.7750441009742475
ENSG00000228473,NA,0.38898388236960063,1.9779908104949786,1.8136159135305477e-4,9.362529508859174e-4,0.5283579941192437,3.7436564460280906
ENSG00000206678,RNU6-144P,0.30892720462644957,1.6626765752044332,1.9390835576945547e-4,9.96752685914799e-4,0.4461377624375585,3.7268232263507213
ENSG00000254377,MIR124-2HG,0.9528116622335323,-1.8306062597140056,2.0067154813860463e-4,0.0010289161598128203,0.4923407122983328,-3.718169580509429
ENSG00000224149,NA,0.4440780551961999,1.636830874788017,2.779018260936104e-4,0.0013881435195290171,0.45028829686612715,3.6350730991231037
ENSG00000236597,IGHD7-27,1.2575141296459056,3.6341278539209534,3.1321555206127895e-4,0.0015481348544976875,1.0083267338664699,3.60411732810628
ENSG00000164113,ADAD1,0.7189701956684231,-1.5006815706236867,3.288521682892517e-4,0.0016178014715839048,0.4178492019381869,-3.591442950382097
ENSG00000250213,NA,0.30299192567057565,1.6283944766521508,3.646856103611128e-4,0.0017755565834195893,0.45684917911297535,3.564402763760819
ENSG00000254530,LINC02755,0.42696835095811453,2.0873771372394283,4.293371680148854e-4,0.002067122469092391,0.5927756188692164,3.521361322554605
ENSG00000168757,TSPY2,0.3379675520832975,1.6929577562275504,5.072662214281824e-4,0.0024074052597922255,0.4869172859419508,3.47688982319141
ENSG00000278958,NA,0.34612168078874905,1.800954011300545,5.61851926178265e-4,0.0026417923467370054,0.5221077763909612,3.4493912803780327
ENSG00000224612,NA,0.35449747037109675,1.817058069036041,5.900676890941746e-4,0.0027644709478403156,0.5288080480651469,3.4361392109754485
ENSG00000201671,RNA5SP90,0.3253082981382163,1.7357336180752387,6.675984351580727e-4,0.0031013484574152796,0.5101271112236586,3.4025512071132185
ENSG00000276733,MIR7158,0.5575945697257924,2.4743044354749304,8.476079251897001e-4,0.0038439694044297115,0.7415288095641785,3.3367610314819225
ENSG00000251539,NA,0.4425777685868729,2.1475781482054215,8.645285808402938e-4,0.003911180205503905,0.6446738370324319,3.3312630741944975
ENSG00000283682,MIR548AH,0.5043827456282948,2.3278647140282183,9.053465157587993e-4,0.0040714933588555545,0.7015020904638725,3.318400252362618
ENSG00000236424,TSPY3,1.0786406592027966,3.4129248556642566,0.0010615935610993408,0.004705207161117231,1.0425368623147673,3.2736730748171965
ENSG00000232039,NA,0.6280227550390562,-2.9522556515838283,0.0012231775280028476,0.005343475507772848,0.913044392819153,-3.2334196177124794
ENSG00000225546,LINC02476,0.8399960654621518,1.5600335676061485,0.0014371789059794103,0.006212432618431662,0.48948706264229946,3.187078243059037
ENSG00000243040,NA,0.9221010420292258,3.1915823671971717,0.0014695226447177985,0.006340447352086556,1.0034416400239552,3.1806357638506797
ENSG00000254145,NA,0.4043429721441914,2.010858773351796,0.0015500355127054536,0.00665692568752086,0.6353125149857534,3.165149002923213
ENSG00000256473,NA,0.3648758043510468,1.8481519931212151,0.0015567851305919136,0.0066815024050526145,0.5841401410616215,3.163884594135865
ENSG00000253425,HSPA8P13,0.49779702996684144,2.312894070293884,0.0017297688247119658,0.007344461601648718,0.7382152068185867,3.1330891709228474
ENSG00000188439,OR4P1P,0.33479547936283793,1.6651611492852014,0.0020901038675134247,0.008708453772572906,0.541142551282313,3.077121075286667
ENSG00000270747,S100A11P9,0.38168164184101244,1.940657303385266,0.002197000726096444,0.009096746387279166,0.6337414405345926,3.0622225078862204
ENSG00000251398,LINC01256,0.35828771708712975,1.8452603229778715,0.002259477138902248,0.009326938118554864,0.6042466190069034,3.0538198558903145
ENSG00000224419,KRT18P27,0.3276258897606237,1.7127091962994472,0.0025843397615498273,0.010530302362982935,0.5683855944411468,3.013287481332866
ENSG00000230292,NAALADL2-AS3,0.31352293929081776,1.6114060624600306,0.002679727885873464,0.010883529613146713,0.5367289049712792,3.002271812706376
ENSG00000230142,NA,0.39072911022585965,1.9522651039402212,0.0038838100869491433,0.015182378861709138,0.6761213430254414,2.8874478288237686
ENSG00000260146,LOC107984807,0.32320470924005673,1.694334101660716,0.005361011685835525,0.02014590897838008,0.6084874663144277,2.784501235371694
ENSG00000187657,TSPY13P,0.4676474760613597,2.2190031667996637,0.005391077264706782,0.020249533633531432,0.7974317969700508,2.7826870902703704
ENSG00000253756,CARS1P2,0.3338235524163688,1.7549260151041157,0.006451769116334732,0.02369193337278575,0.6442716210747657,2.723891535338109
ENSG00000274116,NA,0.4003086312069636,2.0049217128228336,0.007214103458939824,0.026189772021472612,0.7462129024391881,2.6867958276642403
ENSG00000238074,TSPY1,0.5262380218719896,2.3828697425095213,0.008374426703261809,0.02990485803092547,0.9037699402243888,2.636588844632186
ENSG00000243877,NA,0.3225148200047289,1.7231354547678819,0.008455200934627791,0.030140359013870993,0.6543559226223449,2.63333057010072
ENSG00000228771,LOC107985659,0.3768685499817409,1.9287204869893941,0.008854094128224924,0.031368538675095155,0.736817402750157,2.6176369882015296
ENSG00000236718,RBMY2QP,0.5411539520504852,2.4266733361585295,0.010121640372297767,0.03525395845701914,0.9436266037880747,2.5716457403987376
ENSG00000237283,NA,0.41515896928108137,2.0197262973760486,0.010662248537662162,0.03688022335528231,0.7909398234870035,2.553577702626875
ENSG00000207744,MIR10B,0.35751063535157485,1.6902412592965081,0.011232902209153062,0.038621484465181107,0.6666648699052816,2.5353687221236876
ENSG00000226488,LINC01824,0.32938897829895575,1.7257933533926948,0.013433490302366688,0.04500150077810336,0.6981179735037593,2.4720654945054235
